homeless_rate,Income_deprivation_score_2019,GDP,earnings,house_price,white,Black / African / Caribbean / Black British: African,Asian/Asian_Britian,Mixed / Multiple ethnic groups,"Full-time
 work","Part-time
 work",Student / training,Registered unemployed,Not registered but seeking work,Not seeking work / at home,Not working due to long-term illness / disability,Retired,16-17,18-24,25-34,35-44,45-54,55-64,65-74,75+
2.165547541,0.108,2.1789,2.72 ,3.17 ,0.92 ,0.03 ,0.00 ,0.01 ,0.16 ,0.12 ,0.00 ,0.22 ,0.03 ,0.17 ,0.28 ,0.01 ,0.00 ,0.22 ,0.28 ,0.27 ,0.12 ,0.09 ,0.01 ,0.01 
3.081604297,0.109,2.4865,2.83 ,1.70 ,0.96 ,0.02 ,0.01 ,0.01 ,0.09 ,0.09 ,0.00 ,0.42 ,0.03 ,0.08 ,0.23 ,0.02 ,0.00 ,0.25 ,0.33 ,0.20 ,0.13 ,0.07 ,0.01 ,0.01 
3.587321487,0.104,1.8389,2.52 ,2.82 ,0.95 ,0.01 ,0.01 ,0.01 ,0.11 ,0.11 ,0.01 ,0.30 ,0.03 ,0.08 ,0.27 ,0.03 ,0.00 ,0.23 ,0.29 ,0.21 ,0.17 ,0.07 ,0.03 ,0.01 
2.711610837,0.152,2.5506,2.74 ,1.43 ,0.92 ,0.01 ,0.01 ,0.00 ,0.13 ,0.12 ,0.00 ,0.48 ,0.00 ,0.06 ,0.09 ,0.02 ,0.00 ,0.29 ,0.30 ,0.21 ,0.12 ,0.05 ,0.02 ,0.00 
4.289486941,0.11,2.8532,2.88 ,2.80 ,0.87 ,0.04 ,0.01 ,0.02 ,0.11 ,0.14 ,0.02 ,0.37 ,0.04 ,0.10 ,0.11 ,0.02 ,0.01 ,0.27 ,0.34 ,0.19 ,0.12 ,0.04 ,0.02 ,0.01 
3.418342589,0.08,2.3061,2.66 ,2.75 ,0.75 ,0.01 ,0.00 ,0.00 ,0.15 ,0.15 ,0.01 ,0.26 ,0.01 ,0.12 ,0.23 ,0.05 ,0.01 ,0.23 ,0.28 ,0.19 ,0.14 ,0.10 ,0.04 ,0.01 
6.571480615,0.194,1.9934,3.28 ,3.20 ,0.44 ,0.27 ,0.13 ,0.02 ,0.13 ,0.13 ,0.02 ,0.23 ,0.10 ,0.20 ,0.10 ,0.01 ,0.01 ,0.23 ,0.35 ,0.24 ,0.11 ,0.05 ,0.01 ,0.00 
5.087630042,0.111,2.7311,3.20 ,5.55 ,0.38 ,0.24 ,0.17 ,0.09 ,0.12 ,0.15 ,0.03 ,0.28 ,0.05 ,0.07 ,0.13 ,0.02 ,0.00 ,0.16 ,0.28 ,0.25 ,0.18 ,0.08 ,0.03 ,0.01 
3.148292223,0.169,1.9445,2.70 ,1.29 ,0.90 ,0.02 ,0.01 ,0.01 ,0.08 ,0.06 ,0.01 ,0.64 ,0.01 ,0.04 ,0.13 ,0.02 ,0.01 ,0.24 ,0.33 ,0.24 ,0.12 ,0.04 ,0.01 ,0.01 
4.301171957,0.159,3.0828,3.63 ,1.25 ,0.99 ,0.00 ,0.00 ,0.00 ,0.07 ,0.08 ,0.01 ,0.41 ,0.06 ,0.04 ,0.26 ,0.03 ,0.00 ,0.34 ,0.24 ,0.23 ,0.12 ,0.03 ,0.02 ,0.01 
3.476258011,0.138,3.4973,3.19 ,3.00 ,0.86 ,0.06 ,0.01 ,0.02 ,0.13 ,0.10 ,0.01 ,0.27 ,0.01 ,0.15 ,0.24 ,0.02 ,0.01 ,0.29 ,0.31 ,0.18 ,0.12 ,0.06 ,0.02 ,0.00 
2.177092709,0.071,4.4484,3.60 ,3.05 ,0.68 ,0.04 ,0.01 ,0.03 ,0.10 ,0.11 ,0.02 ,0.55 ,0.03 ,0.06 ,0.09 ,0.02 ,0.01 ,0.26 ,0.29 ,0.23 ,0.13 ,0.05 ,0.02 ,0.01 
1.944538383,0.122,2.3271,2.65 ,1.55 ,0.96 ,0.01 ,0.00 ,0.00 ,0.08 ,0.05 ,0.00 ,0.61 ,0.02 ,0.06 ,0.15 ,0.02 ,0.00 ,0.19 ,0.29 ,0.26 ,0.16 ,0.07 ,0.02 ,0.00 
2.026920354,0.079,2.6427,3.05 ,3.20 ,0.83 ,0.02 ,0.01 ,0.01 ,0.13 ,0.12 ,0.00 ,0.25 ,0.01 ,0.11 ,0.19 ,0.04 ,0.00 ,0.21 ,0.29 ,0.21 ,0.18 ,0.07 ,0.03 ,0.01 
6.165312817,0.114,2.8926,3.20 ,2.70 ,0.69 ,0.06 ,0.07 ,0.04 ,0.15 ,0.10 ,0.01 ,0.35 ,0.05 ,0.13 ,0.13 ,0.02 ,0.00 ,0.23 ,0.31 ,0.26 ,0.13 ,0.05 ,0.02 ,0.01 
3.152815271,0.106,2.9819,3.09 ,3.66 ,0.65 ,0.21 ,0.04 ,0.03 ,0.12 ,0.12 ,0.03 ,0.39 ,0.04 ,0.12 ,0.09 ,0.02 ,0.00 ,0.25 ,0.31 ,0.23 ,0.14 ,0.05 ,0.02 ,0.00 
4.194559523,0.222,2.7003,3.32 ,1.80 ,0.34 ,0.21 ,0.21 ,0.06 ,0.10 ,0.10 ,0.01 ,0.54 ,0.02 ,0.00 ,0.07 ,0.01 ,0.01 ,0.14 ,0.42 ,0.25 ,0.11 ,0.06 ,0.01 ,0.00 
3.472290338,0.069,4.0282,3.10 ,2.23 ,0.85 ,0.04 ,0.04 ,0.04 ,0.16 ,0.13 ,0.01 ,0.29 ,0.04 ,0.07 ,0.12 ,0.02 ,0.00 ,0.20 ,0.34 ,0.24 ,0.12 ,0.06 ,0.02 ,0.01 
5.898820236,0.212,2.3885,2.48 ,1.15 ,0.77 ,0.02 ,0.15 ,0.01 ,0.07 ,0.06 ,0.06 ,0.35 ,0.05 ,0.09 ,0.19 ,0.02 ,0.04 ,0.25 ,0.33 ,0.19 ,0.12 ,0.05 ,0.01 ,0.01 
7.98520028,0.247,2.3099,2.48 ,1.15 ,0.92 ,0.00 ,0.00 ,0.00 ,0.04 ,0.03 ,0.01 ,0.44 ,0.02 ,0.04 ,0.32 ,0.02 ,0.01 ,0.19 ,0.31 ,0.25 ,0.15 ,0.06 ,0.02 ,0.01 
1.205337925,0.147,2.9528,2.76 ,1.25 ,1.00 ,0.00 ,0.00 ,0.00 ,0.08 ,0.05 ,0.00 ,0.41 ,0.02 ,0.13 ,0.19 ,0.04 ,0.00 ,0.23 ,0.31 ,0.19 ,0.15 ,0.06 ,0.03 ,0.02 
5.148344481,0.186,2.3623,2.54 ,1.40 ,0.77 ,0.06 ,0.09 ,0.02 ,0.09 ,0.06 ,0.01 ,0.36 ,0.02 ,0.16 ,0.18 ,0.01 ,0.00 ,0.24 ,0.33 ,0.23 ,0.13 ,0.04 ,0.02 ,0.00 
2.795149428,0.128,2.4275,2.46 ,1.60 ,0.95 ,0.02 ,0.01 ,0.03 ,0.10 ,0.07 ,0.01 ,0.36 ,0.03 ,0.05 ,0.32 ,0.04 ,0.02 ,0.26 ,0.23 ,0.19 ,0.17 ,0.09 ,0.04 ,0.02 
5.272186383,0.112,3.0084,2.92 ,2.86 ,0.92 ,0.02 ,0.01 ,0.02 ,0.09 ,0.10 ,0.01 ,0.34 ,0.05 ,0.10 ,0.24 ,0.03 ,0.01 ,0.19 ,0.29 ,0.23 ,0.16 ,0.08 ,0.03 ,0.01 
5.959811541,0.068,4.6847,4.18 ,3.35 ,0.74 ,0.05 ,0.03 ,0.03 ,0.27 ,0.15 ,0.02 ,0.18 ,0.06 ,0.10 ,0.11 ,0.03 ,0.01 ,0.21 ,0.31 ,0.22 ,0.14 ,0.07 ,0.02 ,0.01 
4.615146239,0.189,2.141,2.79 ,1.35 ,0.62 ,0.04 ,0.20 ,0.01 ,0.06 ,0.05 ,0.01 ,0.43 ,0.04 ,0.10 ,0.20 ,0.01 ,0.00 ,0.23 ,0.32 ,0.24 ,0.14 ,0.05 ,0.01 ,0.01 
2.939428183,0.092,2.6584,2.93 ,2.78 ,0.90 ,0.02 ,0.01 ,0.01 ,0.10 ,0.12 ,0.02 ,0.28 ,0.02 ,0.14 ,0.23 ,0.04 ,0.01 ,0.23 ,0.29 ,0.21 ,0.14 ,0.06 ,0.04 ,0.02 
4.148525716,0.1,2.1096,2.66 ,2.20 ,0.94 ,0.01 ,0.01 ,0.01 ,0.18 ,0.10 ,0.02 ,0.30 ,0.03 ,0.11 ,0.19 ,0.03 ,0.02 ,0.27 ,0.32 ,0.18 ,0.12 ,0.05 ,0.03 ,0.01 
8.906096969,0.155,3.1372,3.40 ,5.24 ,0.10 ,0.35 ,0.11 ,0.03 ,0.06 ,0.01 ,0.01 ,0.12 ,0.04 ,0.04 ,0.05 ,0.01 ,0.00 ,0.17 ,0.33 ,0.22 ,0.15 ,0.09 ,0.02 ,0.01 
0.815618446,0.064,5.0784,3.40 ,4.56 ,0.90 ,0.05 ,0.02 ,0.02 ,0.13 ,0.25 ,0.00 ,0.16 ,0.00 ,0.11 ,0.19 ,0.03 ,0.00 ,0.29 ,0.40 ,0.11 ,0.08 ,0.08 ,0.05 ,0.00 
5.943769238,0.141,3.6537,3.30 ,2.80 ,0.55 ,0.13 ,0.03 ,0.03 ,0.09 ,0.09 ,0.01 ,0.25 ,0.05 ,0.08 ,0.24 ,0.01 ,0.00 ,0.17 ,0.35 ,0.28 ,0.14 ,0.05 ,0.01 ,0.00 
0.841348887,0.072,3.0529,2.99 ,2.50 ,0.93 ,0.01 ,0.00 ,0.01 ,0.18 ,0.18 ,0.01 ,0.24 ,0.01 ,0.09 ,0.21 ,0.05 ,0.00 ,0.28 ,0.24 ,0.23 ,0.12 ,0.08 ,0.04 ,0.01 
3.456027312,0.091,2.8928,3.42 ,4.50 ,0.61 ,0.22 ,0.04 ,0.08 ,0.14 ,0.13 ,0.03 ,0.44 ,0.15 ,0.02 ,0.04 ,0.03 ,0.03 ,0.23 ,0.31 ,0.20 ,0.13 ,0.07 ,0.03 ,0.01 
1.998627808,0.073,3.3036,2.86 ,2.86 ,0.89 ,0.01 ,0.02 ,0.01 ,0.23 ,0.14 ,0.02 ,0.23 ,0.03 ,0.07 ,0.17 ,0.04 ,0.02 ,0.23 ,0.28 ,0.18 ,0.14 ,0.09 ,0.03 ,0.01 
6.967784245,0.108,2.8214,3.01 ,3.65 ,0.81 ,0.13 ,0.01 ,0.03 ,0.13 ,0.10 ,0.03 ,0.46 ,0.04 ,0.09 ,0.11 ,0.01 ,0.02 ,0.19 ,0.32 ,0.24 ,0.13 ,0.08 ,0.02 ,0.00 
1.901820688,0.097,2.2231,2.48 ,1.90 ,0.87 ,0.01 ,0.02 ,0.02 ,0.12 ,0.12 ,0.03 ,0.30 ,0.05 ,0.21 ,0.10 ,0.03 ,0.00 ,0.28 ,0.29 ,0.21 ,0.13 ,0.06 ,0.01 ,0.01 
5.775429799,0.203,2.5815,2.45 ,0.92 ,0.91 ,0.01 ,0.04 ,0.03 ,0.06 ,0.05 ,0.01 ,0.40 ,0.04 ,0.05 ,0.28 ,0.03 ,0.01 ,0.21 ,0.36 ,0.22 ,0.12 ,0.05 ,0.02 ,0.01 
3.833085135,0.145,2.1727,2.68 ,1.77 ,0.79 ,0.05 ,0.07 ,0.03 ,0.12 ,0.08 ,0.02 ,0.33 ,0.08 ,0.06 ,0.16 ,0.03 ,0.00 ,0.24 ,0.30 ,0.23 ,0.13 ,0.07 ,0.02 ,0.01 
3.835621621,0.149,2.571,2.76 ,1.46 ,0.83 ,0.03 ,0.06 ,0.02 ,0.07 ,0.04 ,0.04 ,0.44 ,0.08 ,0.07 ,0.16 ,0.03 ,0.05 ,0.22 ,0.28 ,0.25 ,0.12 ,0.04 ,0.02 ,0.01 
4.789586049,0.077,5.4174,3.46 ,4.25 ,0.75 ,0.05 ,0.06 ,0.04 ,0.15 ,0.12 ,0.01 ,0.32 ,0.05 ,0.07 ,0.19 ,0.01 ,0.02 ,0.24 ,0.33 ,0.21 ,0.13 ,0.06 ,0.01 ,0.00 
3.928218778,0.141,13.5264,4.08 ,7.75 ,0.12 ,0.23 ,0.15 ,0.12 ,0.10 ,0.11 ,0.03 ,0.23 ,0.07 ,0.04 ,0.20 ,0.01 ,0.00 ,0.18 ,0.35 ,0.22 ,0.16 ,0.06 ,0.02 ,0.01 
1.753971069,0.127,2.4497,2.68 ,1.68 ,0.90 ,0.02 ,0.01 ,0.04 ,0.17 ,0.18 ,0.01 ,0.25 ,0.00 ,0.23 ,0.12 ,0.03 ,0.01 ,0.21 ,0.32 ,0.24 ,0.11 ,0.08 ,0.02 ,0.01 
4.66533143,0.1,2.3998,2.79 ,3.06 ,0.88 ,0.03 ,0.02 ,0.03 ,0.08 ,0.10 ,0.02 ,0.37 ,0.08 ,0.07 ,0.16 ,0.03 ,0.01 ,0.26 ,0.32 ,0.20 ,0.11 ,0.07 ,0.03 ,0.01 
3.24352217,0.116,3.0305,2.93 ,1.32 ,0.97 ,0.00 ,0.01 ,0.01 ,0.16 ,0.09 ,0.01 ,0.34 ,0.02 ,0.05 ,0.22 ,0.04 ,0.00 ,0.24 ,0.32 ,0.22 ,0.12 ,0.05 ,0.03 ,0.02 
2.562856259,0.107,1.4505,2.71 ,3.02 ,0.92 ,0.02 ,0.00 ,0.00 ,0.06 ,0.12 ,0.00 ,0.21 ,0.03 ,0.24 ,0.23 ,0.05 ,0.01 ,0.15 ,0.27 ,0.26 ,0.15 ,0.11 ,0.04 ,0.01 
3.910287797,0.077,2.5242,3.06 ,2.95 ,0.84 ,0.07 ,0.02 ,0.05 ,0.21 ,0.12 ,0.02 ,0.34 ,0.04 ,0.07 ,0.15 ,0.02 ,0.00 ,0.23 ,0.32 ,0.23 ,0.13 ,0.06 ,0.03 ,0.01 
4.450038708,0.077,3.2346,3.27 ,3.43 ,0.69 ,0.04 ,0.01 ,0.01 ,0.15 ,0.14 ,0.01 ,0.33 ,0.07 ,0.09 ,0.12 ,0.02 ,0.01 ,0.26 ,0.33 ,0.22 ,0.12 ,0.05 ,0.02 ,0.01 
4.463862534,0.091,3.3143,2.99 ,2.66 ,0.89 ,0.02 ,0.03 ,0.01 ,0.13 ,0.09 ,0.01 ,0.45 ,0.04 ,0.04 ,0.16 ,0.02 ,0.00 ,0.24 ,0.30 ,0.24 ,0.14 ,0.07 ,0.02 ,0.01 
2.061298948,0.076,3.7031,3.23 ,2.85 ,0.71 ,0.04 ,0.03 ,0.03 ,0.16 ,0.10 ,0.01 ,0.48 ,0.04 ,0.08 ,0.10 ,0.02 ,0.00 ,0.21 ,0.28 ,0.23 ,0.17 ,0.07 ,0.03 ,0.00 
3.310341974,0.083,4.2086,3.03 ,2.20 ,0.95 ,0.01 ,0.01 ,0.00 ,0.16 ,0.10 ,0.01 ,0.30 ,0.03 ,0.08 ,0.21 ,0.03 ,0.00 ,0.19 ,0.30 ,0.23 ,0.15 ,0.08 ,0.03 ,0.01 
5.232343386,0.108,3.443,2.87 ,2.04 ,0.95 ,0.01 ,0.01 ,0.02 ,0.14 ,0.10 ,0.01 ,0.35 ,0.06 ,0.05 ,0.21 ,0.03 ,0.01 ,0.21 ,0.32 ,0.24 ,0.13 ,0.07 ,0.02 ,0.01 
5.413132565,0.153,2.6609,2.73 ,1.55 ,0.96 ,0.01 ,0.01 ,0.01 ,0.12 ,0.08 ,0.01 ,0.38 ,0.03 ,0.10 ,0.25 ,0.01 ,0.00 ,0.25 ,0.30 ,0.28 ,0.13 ,0.03 ,0.01 ,0.01 
6.898292252,0.102,2.1469,2.78 ,1.66 ,0.64 ,0.01 ,0.00 ,0.01 ,0.10 ,0.05 ,0.01 ,0.22 ,0.02 ,0.09 ,0.15 ,0.03 ,0.00 ,0.16 ,0.29 ,0.25 ,0.16 ,0.11 ,0.02 ,0.01 
1.097092704,0.065,728.2005,6.15 ,7.80 ,0.42 ,0.17 ,0.17 ,0.08 ,0.67 ,0.08 ,0.00 ,0.08 ,0.00 ,0.00 ,0.08 ,0.00 ,0.00 ,0.00 ,0.33 ,0.33 ,0.25 ,0.00 ,0.08 ,0.00 
3.742393509,0.099,2.6202,2.88 ,2.65 ,0.79 ,0.03 ,0.02 ,0.01 ,0.12 ,0.09 ,0.01 ,0.26 ,0.03 ,0.14 ,0.21 ,0.03 ,0.02 ,0.25 ,0.32 ,0.22 ,0.10 ,0.05 ,0.02 ,0.01 
4.159256919,0.13,2.5274,4.95 ,1.24 ,0.98 ,0.01 ,0.00 ,0.00 ,0.12 ,0.09 ,0.01 ,0.45 ,0.08 ,0.01 ,0.17 ,0.03 ,0.00 ,0.18 ,0.42 ,0.21 ,0.12 ,0.05 ,0.01 ,0.01 
5.621848285,0.13,2.3253,2.56 ,2.35 ,0.94 ,0.00 ,0.00 ,0.01 ,0.10 ,0.10 ,0.03 ,0.37 ,0.05 ,0.05 ,0.19 ,0.04 ,0.04 ,0.19 ,0.29 ,0.21 ,0.14 ,0.08 ,0.03 ,0.01 
2.426216432,0.064,4.7313,2.50 ,3.60 ,0.95 ,0.02 ,0.00 ,0.00 ,0.16 ,0.11 ,0.00 ,0.22 ,0.11 ,0.06 ,0.16 ,0.03 ,0.00 ,0.24 ,0.31 ,0.19 ,0.13 ,0.10 ,0.02 ,0.01 
4.95733838,0.165,2.0061,2.65 ,1.09 ,0.78 ,0.00 ,0.00 ,0.00 ,0.02 ,0.01 ,0.00 ,0.16 ,0.00 ,0.02 ,0.07 ,0.01 ,0.02 ,0.23 ,0.32 ,0.23 ,0.13 ,0.06 ,0.02 ,0.01 
6.59748489,0.154,2.9608,3.25 ,1.83 ,0.67 ,0.12 ,0.07 ,0.06 ,0.11 ,0.07 ,0.01 ,0.58 ,0.02 ,0.04 ,0.11 ,0.01 ,0.00 ,0.26 ,0.33 ,0.24 ,0.12 ,0.04 ,0.01 ,0.00 
1.482437476,0.067,3.1074,2.77 ,2.18 ,0.93 ,0.00 ,0.01 ,0.00 ,0.13 ,0.11 ,0.07 ,0.34 ,0.06 ,0.01 ,0.13 ,0.06 ,0.07 ,0.11 ,0.26 ,0.26 ,0.14 ,0.07 ,0.06 ,0.04 
6.392588509,0.11,6.1209,3.61 ,2.95 ,0.66 ,0.08 ,0.08 ,0.04 ,0.15 ,0.11 ,0.00 ,0.44 ,0.03 ,0.07 ,0.10 ,0.02 ,0.00 ,0.24 ,0.34 ,0.21 ,0.12 ,0.06 ,0.02 ,0.00 
5.885789434,0.136,2.9254,3.44 ,3.85 ,0.30 ,0.40 ,0.07 ,0.11 ,0.12 ,0.14 ,0.03 ,0.28 ,0.06 ,0.04 ,0.12 ,0.01 ,0.01 ,0.20 ,0.32 ,0.21 ,0.13 ,0.06 ,0.02 ,0.01 
5.403423455,0.085,3.3048,3.07 ,3.85 ,0.64 ,0.03 ,0.03 ,0.03 ,0.12 ,0.09 ,0.03 ,0.30 ,0.02 ,0.09 ,0.07 ,0.01 ,0.01 ,0.24 ,0.31 ,0.22 ,0.14 ,0.06 ,0.02 ,0.01 
6.619988455,0.153,2.7583,2.80 ,1.35 ,0.94 ,0.01 ,0.00 ,0.01 ,0.12 ,0.06 ,0.02 ,0.46 ,0.02 ,0.06 ,0.20 ,0.01 ,0.02 ,0.22 ,0.32 ,0.24 ,0.13 ,0.05 ,0.02 ,0.00 
8.547041828,0.158,3.2387,4.07 ,1.65 ,0.67 ,0.08 ,0.10 ,0.05 ,0.11 ,0.08 ,0.01 ,0.48 ,0.02 ,0.13 ,0.13 ,0.01 ,0.00 ,0.24 ,0.34 ,0.25 ,0.11 ,0.04 ,0.01 ,0.00 
3.327718097,0.068,2.6069,2.60 ,2.54 ,0.97 ,0.00 ,0.01 ,0.01 ,0.22 ,0.13 ,0.00 ,0.24 ,0.02 ,0.07 ,0.18 ,0.07 ,0.00 ,0.19 ,0.27 ,0.22 ,0.16 ,0.09 ,0.05 ,0.03 
5.313554039,0.166,2.2352,2.77 ,1.35 ,0.94 ,0.02 ,0.01 ,0.01 ,0.07 ,0.06 ,0.01 ,0.41 ,0.09 ,0.11 ,0.18 ,0.02 ,0.00 ,0.23 ,0.34 ,0.26 ,0.12 ,0.03 ,0.01 ,0.00 
3.557219629,0.088,2.414,3.00 ,2.90 ,0.94 ,0.01 ,0.01 ,0.01 ,0.12 ,0.11 ,0.02 ,0.22 ,0.06 ,0.08 ,0.22 ,0.03 ,0.01 ,0.23 ,0.29 ,0.19 ,0.13 ,0.09 ,0.03 ,0.01 
3.8898358,0.134,2.5139,3.56 ,2.45 ,0.94 ,0.01 ,0.01 ,0.01 ,0.10 ,0.09 ,0.02 ,0.33 ,0.05 ,0.10 ,0.20 ,0.04 ,0.02 ,0.26 ,0.30 ,0.18 ,0.13 ,0.08 ,0.02 ,0.02 
5.183597373,0.156,1.9781,2.89 ,1.76 ,0.79 ,0.05 ,0.05 ,0.03 ,0.14 ,0.07 ,0.01 ,0.61 ,0.02 ,0.02 ,0.08 ,0.02 ,0.00 ,0.25 ,0.34 ,0.22 ,0.11 ,0.05 ,0.02 ,0.01 
7.166341992,0.14,3.15,3.27 ,4.85 ,0.29 ,0.30 ,0.20 ,0.09 ,0.12 ,0.12 ,0.02 ,0.48 ,0.06 ,0.04 ,0.07 ,0.02 ,0.00 ,0.16 ,0.32 ,0.26 ,0.14 ,0.08 ,0.02 ,0.01 
3.869529984,0.081,2.248,2.79 ,2.83 ,0.98 ,0.00 ,0.01 ,0.01 ,0.17 ,0.15 ,0.04 ,0.24 ,0.02 ,0.07 ,0.21 ,0.06 ,0.04 ,0.22 ,0.31 ,0.17 ,0.13 ,0.08 ,0.04 ,0.02 
2.325618954,0.06,2.614,2.94 ,3.50 ,0.93 ,0.02 ,0.01 ,0.02 ,0.19 ,0.12 ,0.00 ,0.34 ,0.03 ,0.10 ,0.11 ,0.04 ,0.00 ,0.24 ,0.29 ,0.23 ,0.12 ,0.08 ,0.03 ,0.01 
3.037170754,0.06,3.2199,3.23 ,4.00 ,0.89 ,0.05 ,0.00 ,0.01 ,0.18 ,0.13 ,0.01 ,0.22 ,0.08 ,0.11 ,0.16 ,0.03 ,0.00 ,0.25 ,0.30 ,0.21 ,0.14 ,0.07 ,0.03 ,0.01 
1.18589398,0.096,2.4671,2.94 ,1.77 ,0.97 ,0.00 ,0.00 ,0.00 ,0.11 ,0.10 ,0.02 ,0.34 ,0.02 ,0.10 ,0.17 ,0.07 ,0.00 ,0.21 ,0.26 ,0.21 ,0.13 ,0.11 ,0.06 ,0.03 
2.241095573,0.103,3.4264,2.88 ,1.78 ,0.86 ,0.02 ,0.06 ,0.05 ,0.15 ,0.07 ,0.02 ,0.34 ,0.03 ,0.08 ,0.21 ,0.03 ,0.00 ,0.26 ,0.32 ,0.19 ,0.13 ,0.05 ,0.02 ,0.02 
4.473325798,0.112,2.5027,2.92 ,2.38 ,0.94 ,0.00 ,0.00 ,0.00 ,0.13 ,0.07 ,0.01 ,0.23 ,0.06 ,0.15 ,0.18 ,0.04 ,0.01 ,0.23 ,0.28 ,0.20 ,0.15 ,0.07 ,0.03 ,0.02 
2.043978749,0.066,3.7549,3.14 ,2.85 ,0.79 ,0.01 ,0.02 ,0.01 ,0.12 ,0.09 ,0.01 ,0.22 ,0.07 ,0.20 ,0.18 ,0.04 ,0.00 ,0.23 ,0.34 ,0.21 ,0.10 ,0.06 ,0.04 ,0.01 
2.250995275,0.07,3.1774,2.72 ,1.85 ,0.96 ,0.00 ,0.01 ,0.02 ,0.17 ,0.12 ,0.00 ,0.29 ,0.09 ,0.03 ,0.18 ,0.02 ,0.00 ,0.16 ,0.29 ,0.28 ,0.15 ,0.08 ,0.02 ,0.02 
2.259228218,0.057,5.0527,3.66 ,6.00 ,0.81 ,0.04 ,0.05 ,0.04 ,0.16 ,0.14 ,0.02 ,0.34 ,0.03 ,0.07 ,0.10 ,0.04 ,0.00 ,0.24 ,0.31 ,0.15 ,0.15 ,0.11 ,0.03 ,0.02 
5.710654192,0.171,2.8225,3.03 ,4.15 ,0.38 ,0.35 ,0.06 ,0.07 ,0.12 ,0.15 ,0.02 ,0.35 ,0.04 ,0.07 ,0.07 ,0.02 ,0.00 ,0.21 ,0.36 ,0.22 ,0.13 ,0.06 ,0.02 ,0.01 
2.882542084,0.091,3.5349,3.25 ,4.65 ,0.81 ,0.07 ,0.03 ,0.03 ,0.10 ,0.12 ,0.01 ,0.32 ,0.06 ,0.13 ,0.17 ,0.03 ,0.01 ,0.23 ,0.31 ,0.19 ,0.14 ,0.10 ,0.03 ,0.01 
2.740639236,0.056,2.5438,2.79 ,4.85 ,0.81 ,0.03 ,0.06 ,0.03 ,0.14 ,0.09 ,0.01 ,0.41 ,0.02 ,0.13 ,0.10 ,0.01 ,0.00 ,0.31 ,0.26 ,0.23 ,0.11 ,0.05 ,0.03 ,0.00 
2.540491798,0.12,1.8653,2.73 ,1.67 ,0.95 ,0.01 ,0.01 ,0.01 ,0.08 ,0.06 ,0.01 ,0.45 ,0.03 ,0.13 ,0.17 ,0.01 ,0.00 ,0.29 ,0.27 ,0.20 ,0.13 ,0.09 ,0.01 ,0.01 
8.610021525,0.095,4.7259,2.99 ,2.50 ,0.84 ,0.01 ,0.01 ,0.01 ,0.12 ,0.09 ,0.02 ,0.21 ,0.06 ,0.05 ,0.33 ,0.02 ,0.04 ,0.26 ,0.30 ,0.18 ,0.13 ,0.06 ,0.02 ,0.01 
3.068644811,0.056,3.0099,2.87 ,2.95 ,0.92 ,0.01 ,0.01 ,0.01 ,0.15 ,0.10 ,0.01 ,0.31 ,0.05 ,0.08 ,0.17 ,0.04 ,0.00 ,0.25 ,0.25 ,0.26 ,0.11 ,0.08 ,0.03 ,0.02 
4.202586207,0.14,2.1351,2.66 ,1.90 ,0.95 ,0.00 ,0.02 ,0.01 ,0.13 ,0.08 ,0.01 ,0.31 ,0.06 ,0.08 ,0.21 ,0.04 ,0.01 ,0.24 ,0.28 ,0.19 ,0.17 ,0.06 ,0.04 ,0.01 
3.538651606,0.145,2.3178,2.45 ,2.60 ,0.94 ,0.01 ,0.01 ,0.00 ,0.06 ,0.09 ,0.01 ,0.52 ,0.04 ,0.07 ,0.14 ,0.05 ,0.01 ,0.25 ,0.23 ,0.20 ,0.15 ,0.08 ,0.05 ,0.01 
3.76548383,0.107,2.4578,2.55 ,2.25 ,0.97 ,0.01 ,0.00 ,0.01 ,0.17 ,0.11 ,0.03 ,0.41 ,0.04 ,0.04 ,0.12 ,0.03 ,0.01 ,0.28 ,0.33 ,0.18 ,0.10 ,0.07 ,0.02 ,0.01 
2.007117262,0.096,3.8276,3.52 ,1.95 ,0.93 ,0.02 ,0.02 ,0.02 ,0.16 ,0.07 ,0.02 ,0.23 ,0.04 ,0.06 ,0.36 ,0.05 ,0.01 ,0.21 ,0.29 ,0.18 ,0.17 ,0.09 ,0.04 ,0.01 
8.447635553,0.167,2.5035,2.59 ,1.35 ,0.90 ,0.01 ,0.03 ,0.01 ,0.11 ,0.07 ,0.00 ,0.57 ,0.00 ,0.03 ,0.14 ,0.02 ,0.00 ,0.22 ,0.35 ,0.24 ,0.12 ,0.05 ,0.02 ,0.00 
2.063616912,0.102,1.6392,2.93 ,1.90 ,0.75 ,0.02 ,0.02 ,0.04 ,0.12 ,0.11 ,0.01 ,0.30 ,0.02 ,0.10 ,0.13 ,0.02 ,0.00 ,0.34 ,0.28 ,0.18 ,0.09 ,0.06 ,0.03 ,0.01 
9.42879831,0.126,2.8397,2.93 ,2.07 ,0.79 ,0.07 ,0.02 ,0.05 ,0.11 ,0.10 ,0.02 ,0.25 ,0.10 ,0.06 ,0.24 ,0.01 ,0.00 ,0.25 ,0.33 ,0.25 ,0.10 ,0.05 ,0.01 ,0.01 
4.936288808,0.107,1.5537,3.16 ,2.10 ,0.94 ,0.02 ,0.01 ,0.01 ,0.11 ,0.10 ,0.01 ,0.33 ,0.07 ,0.11 ,0.18 ,0.03 ,0.01 ,0.25 ,0.28 ,0.24 ,0.12 ,0.07 ,0.02 ,0.01 
5.809710918,0.122,2.0264,3.51 ,2.95 ,0.78 ,0.10 ,0.05 ,0.03 ,0.17 ,0.13 ,0.02 ,0.39 ,0.07 ,0.08 ,0.11 ,0.01 ,0.02 ,0.22 ,0.31 ,0.23 ,0.13 ,0.07 ,0.02 ,0.00 
7.086836428,0.184,2.1155,2.94 ,1.77 ,0.95 ,0.01 ,0.01 ,0.01 ,0.10 ,0.07 ,0.00 ,0.46 ,0.02 ,0.07 ,0.16 ,0.04 ,0.00 ,0.25 ,0.27 ,0.21 ,0.16 ,0.07 ,0.03 ,0.01 
5.348851692,0.159,2.3969,3.46 ,4.07 ,0.36 ,0.28 ,0.04 ,0.04 ,0.11 ,0.13 ,0.03 ,0.29 ,0.04 ,0.23 ,0.12 ,0.02 ,0.01 ,0.21 ,0.29 ,0.25 ,0.14 ,0.08 ,0.02 ,0.01 
2.514100245,0.057,3.96,3.69 ,4.45 ,0.72 ,0.03 ,0.03 ,0.01 ,0.12 ,0.14 ,0.02 ,0.31 ,0.03 ,0.17 ,0.15 ,0.03 ,0.01 ,0.31 ,0.25 ,0.17 ,0.15 ,0.07 ,0.03 ,0.02 
7.667090243,0.196,3.4505,3.66 ,5.50 ,0.24 ,0.48 ,0.08 ,0.09 ,0.12 ,0.11 ,0.02 ,0.38 ,0.08 ,0.05 ,0.12 ,0.01 ,0.00 ,0.22 ,0.32 ,0.22 ,0.13 ,0.08 ,0.02 ,0.00 
5.791526827,0.142,6.7238,4.20 ,7.15 ,0.34 ,0.36 ,0.08 ,0.07 ,0.10 ,0.11 ,0.02 ,0.46 ,0.05 ,0.10 ,0.10 ,0.01 ,0.01 ,0.20 ,0.34 ,0.21 ,0.14 ,0.07 ,0.02 ,0.00 
2.145765515,0.056,2.6802,3.00 ,2.65 ,0.86 ,0.02 ,0.01 ,0.03 ,0.18 ,0.12 ,0.01 ,0.27 ,0.08 ,0.06 ,0.15 ,0.02 ,0.00 ,0.23 ,0.32 ,0.21 ,0.14 ,0.05 ,0.01 ,0.01 
8.946639285,0.17,1.9256,3.37 ,5.35 ,0.23 ,0.32 ,0.04 ,0.05 ,0.11 ,0.12 ,0.02 ,0.34 ,0.05 ,0.04 ,0.10 ,0.02 ,0.00 ,0.18 ,0.33 ,0.24 ,0.15 ,0.07 ,0.03 ,0.01 
3.299725023,0.134,2.9451,3.14 ,2.80 ,0.81 ,0.08 ,0.03 ,0.04 ,0.10 ,0.07 ,0.02 ,0.40 ,0.02 ,0.08 ,0.06 ,0.02 ,0.02 ,0.33 ,0.31 ,0.18 ,0.11 ,0.03 ,0.01 ,0.00 
2.560058334,0.109,2.5618,3.02 ,4.94 ,0.29 ,0.27 ,0.28 ,0.05 ,0.09 ,0.14 ,0.01 ,0.27 ,0.09 ,0.09 ,0.17 ,0.03 ,0.00 ,0.16 ,0.32 ,0.25 ,0.15 ,0.08 ,0.03 ,0.02 
1.014261126,0.042,3.719,3.87 ,4.08 ,0.57 ,0.05 ,0.01 ,0.01 ,0.20 ,0.17 ,0.01 ,0.34 ,0.03 ,0.05 ,0.18 ,0.01 ,0.00 ,0.25 ,0.22 ,0.26 ,0.16 ,0.09 ,0.01 ,0.00 
10.03738358,0.202,2.0487,2.47 ,2.30 ,0.76 ,0.02 ,0.01 ,0.03 ,0.08 ,0.10 ,0.01 ,0.39 ,0.02 ,0.06 ,0.20 ,0.03 ,0.01 ,0.24 ,0.29 ,0.21 ,0.14 ,0.06 ,0.03 ,0.01 
3.451032539,0.126,2.5274,2.86 ,2.80 ,0.85 ,0.00 ,0.01 ,0.00 ,0.12 ,0.13 ,0.01 ,0.20 ,0.03 ,0.24 ,0.15 ,0.05 ,0.00 ,0.25 ,0.25 ,0.23 ,0.15 ,0.06 ,0.03 ,0.02 
6.644900653,0.108,2.6668,3.38 ,3.78 ,0.72 ,0.15 ,0.07 ,0.03 ,0.11 ,0.09 ,0.01 ,0.58 ,0.05 ,0.07 ,0.06 ,0.02 ,0.00 ,0.23 ,0.32 ,0.23 ,0.14 ,0.06 ,0.02 ,0.01 
5.784675774,0.098,2.4297,2.71 ,2.40 ,0.87 ,0.00 ,0.00 ,0.00 ,0.17 ,0.12 ,0.01 ,0.41 ,0.03 ,0.03 ,0.08 ,0.03 ,0.00 ,0.25 ,0.32 ,0.21 ,0.11 ,0.06 ,0.03 ,0.01 
2.607351784,0.089,4.5519,3.19 ,4.70 ,0.73 ,0.12 ,0.05 ,0.04 ,0.16 ,0.10 ,0.01 ,0.46 ,0.04 ,0.03 ,0.13 ,0.01 ,0.01 ,0.23 ,0.33 ,0.19 ,0.15 ,0.06 ,0.02 ,0.01 
4.825494154,0.097,1.9347,2.69 ,1.90 ,0.98 ,0.00 ,0.01 ,0.01 ,0.15 ,0.10 ,0.02 ,0.26 ,0.06 ,0.06 ,0.21 ,0.04 ,0.01 ,0.27 ,0.28 ,0.20 ,0.14 ,0.06 ,0.03 ,0.01 
5.588743552,0.114,5.5787,3.82 ,4.37 ,0.47 ,0.20 ,0.17 ,0.06 ,0.12 ,0.10 ,0.03 ,0.44 ,0.06 ,0.04 ,0.06 ,0.01 ,0.00 ,0.20 ,0.32 ,0.23 ,0.15 ,0.07 ,0.02 ,0.00 
3.343128112,0.082,2.4423,2.91 ,2.05 ,0.86 ,0.01 ,0.01 ,0.02 ,0.17 ,0.09 ,0.00 ,0.55 ,0.01 ,0.02 ,0.11 ,0.02 ,0.00 ,0.24 ,0.30 ,0.23 ,0.13 ,0.08 ,0.02 ,0.01 
2.350935562,0.056,2.7857,3.19 ,3.82 ,0.89 ,0.02 ,0.02 ,0.02 ,0.23 ,0.15 ,0.01 ,0.30 ,0.03 ,0.06 ,0.13 ,0.04 ,0.01 ,0.22 ,0.25 ,0.18 ,0.17 ,0.10 ,0.06 ,0.01 
5.184792022,0.074,3.0649,3.05 ,2.62 ,0.87 ,0.02 ,0.01 ,0.02 ,0.16 ,0.12 ,0.01 ,0.25 ,0.04 ,0.09 ,0.16 ,0.03 ,0.02 ,0.21 ,0.31 ,0.22 ,0.13 ,0.07 ,0.03 ,0.01 
2.341833779,0.182,2.0959,3.00 ,1.05 ,0.91 ,0.00 ,0.04 ,0.03 ,0.08 ,0.06 ,0.02 ,0.42 ,0.03 ,0.06 ,0.20 ,0.04 ,0.01 ,0.25 ,0.33 ,0.22 ,0.10 ,0.07 ,0.03 ,0.00 
13.43589819,0.141,3.4607,2.77 ,2.00 ,0.37 ,0.02 ,0.01 ,0.02 ,0.12 ,0.11 ,0.02 ,0.52 ,0.07 ,0.04 ,0.10 ,0.02 ,0.00 ,0.28 ,0.31 ,0.22 ,0.12 ,0.05 ,0.01 ,0.00 
4.919323101,0.138,2.2468,2.73 ,2.20 ,0.89 ,0.00 ,0.00 ,0.00 ,0.08 ,0.08 ,0.00 ,0.48 ,0.02 ,0.05 ,0.15 ,0.03 ,0.00 ,0.24 ,0.31 ,0.20 ,0.15 ,0.05 ,0.03 ,0.01 
6.541321565,0.179,8.4662,4.16 ,6.25 ,0.34 ,0.28 ,0.05 ,0.07 ,0.04 ,0.04 ,0.03 ,0.11 ,0.05 ,0.03 ,0.06 ,0.01 ,0.01 ,0.18 ,0.35 ,0.22 ,0.14 ,0.07 ,0.02 ,0.00 
6.540697674,0.117,6.8972,3.47 ,12.50 ,0.29 ,0.20 ,0.05 ,0.05 ,0.10 ,0.11 ,0.01 ,0.50 ,0.04 ,0.02 ,0.09 ,0.02 ,0.00 ,0.17 ,0.29 ,0.23 ,0.16 ,0.11 ,0.04 ,0.01 
2.049654534,0.12,2.3786,2.90 ,2.24 ,0.89 ,0.00 ,0.00 ,0.01 ,0.09 ,0.09 ,0.00 ,0.40 ,0.03 ,0.06 ,0.17 ,0.04 ,0.00 ,0.22 ,0.31 ,0.22 ,0.15 ,0.04 ,0.05 ,0.01 
9.763589914,0.227,2.7201,2.82 ,1.15 ,0.90 ,0.02 ,0.03 ,0.01 ,0.09 ,0.07 ,0.02 ,0.56 ,0.02 ,0.07 ,0.12 ,0.01 ,0.03 ,0.22 ,0.32 ,0.24 ,0.13 ,0.05 ,0.01 ,0.00 
2.383583972,0.078,3.427,3.53 ,4.94 ,0.63 ,0.06 ,0.10 ,0.02 ,0.16 ,0.13 ,0.02 ,0.30 ,0.06 ,0.05 ,0.12 ,0.03 ,0.01 ,0.19 ,0.27 ,0.25 ,0.16 ,0.07 ,0.03 ,0.01 
3.344739287,0.143,2.0736,2.76 ,1.50 ,0.59 ,0.03 ,0.14 ,0.04 ,0.07 ,0.06 ,0.03 ,0.43 ,0.03 ,0.13 ,0.17 ,0.02 ,0.02 ,0.28 ,0.32 ,0.19 ,0.12 ,0.04 ,0.02 ,0.01 
6.95300816,0.251,2.8125,3.57 ,1.30 ,0.95 ,0.01 ,0.01 ,0.01 ,0.11 ,0.09 ,0.01 ,0.42 ,0.02 ,0.09 ,0.22 ,0.01 ,0.02 ,0.22 ,0.33 ,0.20 ,0.16 ,0.05 ,0.01 ,0.01 
9.98716646,0.153,4.3056,3.87 ,5.10 ,0.21 ,0.48 ,0.03 ,0.10 ,0.12 ,0.15 ,0.02 ,0.45 ,0.04 ,0.04 ,0.07 ,0.02 ,0.02 ,0.21 ,0.30 ,0.21 ,0.14 ,0.09 ,0.02 ,0.01 
7.789320294,0.143,3.7937,3.04 ,1.87 ,0.70 ,0.09 ,0.06 ,0.06 ,0.13 ,0.09 ,0.02 ,0.48 ,0.03 ,0.06 ,0.11 ,0.01 ,0.03 ,0.24 ,0.34 ,0.22 ,0.12 ,0.04 ,0.01 ,0.00 
6.858059632,0.196,2.841,2.86 ,1.80 ,0.52 ,0.14 ,0.18 ,0.05 ,0.11 ,0.09 ,0.01 ,0.47 ,0.02 ,0.07 ,0.11 ,0.01 ,0.01 ,0.21 ,0.32 ,0.26 ,0.14 ,0.05 ,0.01 ,0.00 
10.31086539,0.164,1.5837,3.49 ,4.25 ,0.27 ,0.45 ,0.04 ,0.04 ,0.13 ,0.13 ,0.03 ,0.40 ,0.04 ,0.05 ,0.11 ,0.01 ,0.02 ,0.24 ,0.31 ,0.21 ,0.14 ,0.07 ,0.02 ,0.01 
2.470725219,0.084,2.6133,2.70 ,2.40 ,0.93 ,0.01 ,0.02 ,0.03 ,0.12 ,0.10 ,0.02 ,0.20 ,0.01 ,0.16 ,0.18 ,0.04 ,0.01 ,0.22 ,0.30 ,0.16 ,0.18 ,0.07 ,0.05 ,0.02 
6.20695859,0.155,3.1924,2.88 ,1.57 ,0.92 ,0.00 ,0.00 ,0.00 ,0.08 ,0.08 ,0.02 ,0.32 ,0.14 ,0.08 ,0.16 ,0.02 ,0.01 ,0.25 ,0.35 ,0.21 ,0.12 ,0.05 ,0.01 ,0.01 
2.475653081,0.235,3.0508,3.20 ,1.36 ,0.54 ,0.03 ,0.03 ,0.01 ,0.06 ,0.05 ,0.01 ,0.33 ,0.01 ,0.11 ,0.31 ,0.01 ,0.01 ,0.18 ,0.32 ,0.30 ,0.15 ,0.04 ,0.01 ,0.00 
6.762579147,0.155,3.3732,3.38 ,2.52 ,0.43 ,0.19 ,0.23 ,0.03 ,0.11 ,0.09 ,0.03 ,0.60 ,0.06 ,0.03 ,0.05 ,0.01 ,0.00 ,0.22 ,0.34 ,0.24 ,0.14 ,0.05 ,0.01 ,0.00 
5.030843518,0.095,2.9999,3.15 ,3.00 ,0.90 ,0.04 ,0.02 ,0.02 ,0.15 ,0.11 ,0.01 ,0.34 ,0.05 ,0.11 ,0.13 ,0.03 ,0.01 ,0.22 ,0.33 ,0.20 ,0.14 ,0.07 ,0.03 ,0.01 
2.629929206,0.086,2.0816,2.75 ,3.15 ,0.96 ,0.01 ,0.01 ,0.01 ,0.11 ,0.12 ,0.01 ,0.38 ,0.01 ,0.15 ,0.11 ,0.06 ,0.02 ,0.23 ,0.23 ,0.23 ,0.14 ,0.09 ,0.03 ,0.03 
2.026559255,0.092,2.548,2.28 ,2.63 ,0.98 ,0.00 ,0.01 ,0.01 ,0.22 ,0.13 ,0.01 ,0.39 ,0.03 ,0.03 ,0.12 ,0.02 ,0.02 ,0.27 ,0.24 ,0.18 ,0.12 ,0.13 ,0.02 ,0.01 
10.38613311,0.219,4.7891,3.16 ,1.80 ,0.55 ,0.17 ,0.10 ,0.05 ,0.13 ,0.09 ,0.02 ,0.49 ,0.04 ,0.05 ,0.11 ,0.01 ,0.01 ,0.21 ,0.35 ,0.23 ,0.14 ,0.05 ,0.01 ,0.00 
1.764958711,0.156,1.8904,2.49 ,1.38 ,0.89 ,0.02 ,0.01 ,0.02 ,0.06 ,0.07 ,0.00 ,0.16 ,0.01 ,0.14 ,0.28 ,0.02 ,0.00 ,0.22 ,0.37 ,0.19 ,0.13 ,0.06 ,0.03 ,0.00 
5.688860867,0.134,2.4401,3.30 ,2.48 ,0.83 ,0.06 ,0.02 ,0.02 ,0.10 ,0.11 ,0.01 ,0.46 ,0.05 ,0.10 ,0.10 ,0.02 ,0.02 ,0.24 ,0.31 ,0.22 ,0.13 ,0.06 ,0.02 ,0.01 
5.21119978,0.099,2.3306,2.80 ,2.60 ,0.90 ,0.01 ,0.00 ,0.01 ,0.19 ,0.12 ,0.01 ,0.24 ,0.06 ,0.08 ,0.21 ,0.05 ,0.01 ,0.20 ,0.26 ,0.21 ,0.16 ,0.10 ,0.04 ,0.01 
2.668888318,0.1,3.2597,3.42 ,4.87 ,0.35 ,0.31 ,0.13 ,0.08 ,0.15 ,0.16 ,0.01 ,0.54 ,0.02 ,0.01 ,0.02 ,0.02 ,0.01 ,0.22 ,0.30 ,0.22 ,0.14 ,0.07 ,0.02 ,0.01 
3.902029055,0.093,2.0429,2.65 ,2.40 ,0.97 ,0.00 ,0.00 ,0.00 ,0.19 ,0.14 ,0.02 ,0.31 ,0.02 ,0.07 ,0.17 ,0.04 ,0.03 ,0.23 ,0.28 ,0.19 ,0.14 ,0.10 ,0.02 ,0.01 
2.460493815,0.071,2.4781,3.07 ,2.53 ,0.77 ,0.00 ,0.01 ,0.01 ,0.14 ,0.14 ,0.02 ,0.26 ,0.03 ,0.10 ,0.22 ,0.02 ,0.00 ,0.22 ,0.29 ,0.17 ,0.15 ,0.12 ,0.03 ,0.01 
2.826307003,0.053,2.6725,2.97 ,3.70 ,0.71 ,0.02 ,0.02 ,0.02 ,0.14 ,0.13 ,0.00 ,0.20 ,0.04 ,0.11 ,0.22 ,0.02 ,0.00 ,0.20 ,0.27 ,0.25 ,0.14 ,0.09 ,0.03 ,0.01 
6.978801713,0.251,2.4697,2.70 ,1.20 ,0.89 ,0.03 ,0.03 ,0.02 ,0.08 ,0.03 ,0.01 ,0.43 ,0.00 ,0.04 ,0.17 ,0.01 ,0.01 ,0.21 ,0.35 ,0.27 ,0.12 ,0.03 ,0.01 ,0.00 
6.961432701,0.111,5.7824,3.35 ,2.70 ,0.73 ,0.11 ,0.06 ,0.07 ,0.17 ,0.12 ,0.01 ,0.45 ,0.06 ,0.07 ,0.08 ,0.02 ,0.00 ,0.22 ,0.33 ,0.23 ,0.12 ,0.06 ,0.01 ,0.01 
3.061212834,0.054,5.3409,3.50 ,5.25 ,0.83 ,0.01 ,0.03 ,0.00 ,0.17 ,0.13 ,0.01 ,0.28 ,0.04 ,0.08 ,0.21 ,0.04 ,0.00 ,0.17 ,0.28 ,0.19 ,0.21 ,0.07 ,0.05 ,0.01 
4.358499073,0.077,2.9841,3.31 ,3.34 ,0.97 ,0.00 ,0.00 ,0.00 ,0.15 ,0.12 ,0.01 ,0.42 ,0.04 ,0.05 ,0.11 ,0.04 ,0.00 ,0.24 ,0.31 ,0.18 ,0.15 ,0.08 ,0.02 ,0.02 
3.001311627,0.108,2.0425,2.57 ,1.54 ,0.87 ,0.03 ,0.03 ,0.01 ,0.10 ,0.07 ,0.03 ,0.22 ,0.07 ,0.14 ,0.25 ,0.03 ,0.03 ,0.23 ,0.26 ,0.28 ,0.13 ,0.05 ,0.02 ,0.01 
5.009386489,0.178,3.4577,2.99 ,1.60 ,0.81 ,0.06 ,0.06 ,0.01 ,0.10 ,0.08 ,0.01 ,0.60 ,0.02 ,0.03 ,0.12 ,0.01 ,0.00 ,0.21 ,0.38 ,0.24 ,0.12 ,0.04 ,0.01 ,0.00 
10.35958032,0.11,2.6765,2.54 ,2.43 ,0.94 ,0.00 ,0.00 ,0.01 ,0.12 ,0.14 ,0.02 ,0.21 ,0.06 ,0.06 ,0.23 ,0.04 ,0.01 ,0.25 ,0.31 ,0.17 ,0.12 ,0.09 ,0.03 ,0.01 
2.299052986,0.112,1.794,2.66 ,1.88 ,0.94 ,0.00 ,0.01 ,0.02 ,0.16 ,0.10 ,0.01 ,0.29 ,0.03 ,0.07 ,0.21 ,0.05 ,0.00 ,0.23 ,0.33 ,0.20 ,0.14 ,0.04 ,0.04 ,0.01 
8.000552195,0.19,2.3815,2.62 ,1.33 ,0.97 ,0.00 ,0.00 ,0.00 ,0.08 ,0.05 ,0.01 ,0.39 ,0.08 ,0.12 ,0.19 ,0.02 ,0.00 ,0.23 ,0.31 ,0.26 ,0.12 ,0.05 ,0.02 ,0.01 
4.600525988,0.079,3.1739,3.29 ,3.52 ,0.78 ,0.07 ,0.05 ,0.04 ,0.16 ,0.11 ,0.02 ,0.32 ,0.06 ,0.07 ,0.13 ,0.02 ,0.00 ,0.21 ,0.31 ,0.21 ,0.15 ,0.08 ,0.03 ,0.00 
3.51251386,0.081,2.4248,2.91 ,1.96 ,0.82 ,0.00 ,0.01 ,0.00 ,0.15 ,0.09 ,0.01 ,0.18 ,0.01 ,0.13 ,0.28 ,0.06 ,0.00 ,0.20 ,0.25 ,0.20 ,0.15 ,0.12 ,0.04 ,0.03 
2.652923446,0.106,1.8671,2.87 ,2.59 ,0.97 ,0.00 ,0.00 ,0.01 ,0.10 ,0.09 ,0.00 ,0.22 ,0.06 ,0.12 ,0.29 ,0.08 ,0.00 ,0.22 ,0.26 ,0.14 ,0.16 ,0.11 ,0.09 ,0.01 
4.160984163,0.101,2.4937,2.81 ,2.63 ,0.96 ,0.01 ,0.01 ,0.01 ,0.11 ,0.14 ,0.02 ,0.34 ,0.03 ,0.10 ,0.23 ,0.02 ,0.02 ,0.23 ,0.31 ,0.22 ,0.13 ,0.06 ,0.02 ,0.01 
3.581157748,0.144,2.5336,2.73 ,1.60 ,0.93 ,0.01 ,0.02 ,0.01 ,0.10 ,0.08 ,0.01 ,0.49 ,0.04 ,0.04 ,0.19 ,0.03 ,0.00 ,0.23 ,0.35 ,0.22 ,0.13 ,0.06 ,0.02 ,0.01 
2.123693699,0.097,5.1844,2.92 ,2.01 ,0.16 ,0.00 ,0.00 ,0.00 ,0.17 ,0.15 ,0.01 ,0.47 ,0.00 ,0.07 ,0.08 ,0.02 ,0.00 ,0.28 ,0.35 ,0.19 ,0.12 ,0.04 ,0.03 ,0.00 
2.747855623,0.09,4.1153,2.90 ,2.03 ,0.97 ,0.01 ,0.01 ,0.02 ,0.16 ,0.10 ,0.01 ,0.38 ,0.01 ,0.10 ,0.17 ,0.03 ,0.01 ,0.27 ,0.32 ,0.20 ,0.11 ,0.05 ,0.03 ,0.01 
2.05361003,0.126,1.9464,2.73 ,1.53 ,0.99 ,0.00 ,0.00 ,0.00 ,0.15 ,0.09 ,0.01 ,0.33 ,0.03 ,0.08 ,0.25 ,0.03 ,0.01 ,0.24 ,0.35 ,0.21 ,0.12 ,0.05 ,0.02 ,0.01 
4.979708392,0.163,3.3019,2.85 ,1.99 ,0.74 ,0.06 ,0.01 ,0.01 ,0.14 ,0.09 ,0.01 ,0.41 ,0.05 ,0.04 ,0.20 ,0.02 ,0.00 ,0.22 ,0.31 ,0.24 ,0.12 ,0.07 ,0.02 ,0.00 
8.211262007,0.199,3.501,2.84 ,1.45 ,0.58 ,0.11 ,0.06 ,0.08 ,0.11 ,0.09 ,0.02 ,0.54 ,0.02 ,0.04 ,0.08 ,0.00 ,0.01 ,0.25 ,0.34 ,0.23 ,0.10 ,0.05 ,0.01 ,0.01 
6.964632247,0.136,2.0495,2.50 ,1.76 ,0.91 ,0.01 ,0.01 ,0.01 ,0.11 ,0.12 ,0.02 ,0.27 ,0.11 ,0.12 ,0.20 ,0.03 ,0.02 ,0.25 ,0.33 ,0.20 ,0.11 ,0.06 ,0.02 ,0.01 
2.652103362,0.086,1.744,2.48 ,2.20 ,0.72 ,0.03 ,0.12 ,0.01 ,0.17 ,0.13 ,0.01 ,0.30 ,0.06 ,0.12 ,0.14 ,0.03 ,0.01 ,0.28 ,0.28 ,0.20 ,0.14 ,0.06 ,0.02 ,0.01 
5.719023011,0.193,2.038,2.74 ,1.37 ,0.69 ,0.05 ,0.16 ,0.03 ,0.11 ,0.07 ,0.02 ,0.47 ,0.05 ,0.09 ,0.13 ,0.01 ,0.01 ,0.26 ,0.32 ,0.23 ,0.12 ,0.05 ,0.02 ,0.00 
3.667933291,0.093,4.803,3.50 ,4.00 ,0.56 ,0.10 ,0.09 ,0.06 ,0.14 ,0.08 ,0.01 ,0.44 ,0.05 ,0.06 ,0.14 ,0.02 ,0.00 ,0.19 ,0.28 ,0.25 ,0.18 ,0.08 ,0.01 ,0.01 
2.311574149,0.168,2.3415,2.35 ,1.09 ,0.84 ,0.00 ,0.08 ,0.02 ,0.05 ,0.04 ,0.01 ,0.27 ,0.02 ,0.07 ,0.31 ,0.03 ,0.00 ,0.25 ,0.35 ,0.19 ,0.12 ,0.06 ,0.02 ,0.00 
4.959876817,0.156,3.6513,2.99 ,1.91 ,0.80 ,0.06 ,0.06 ,0.05 ,0.09 ,0.09 ,0.02 ,0.46 ,0.08 ,0.07 ,0.17 ,0.01 ,0.01 ,0.24 ,0.29 ,0.25 ,0.14 ,0.07 ,0.01 ,0.00 
7.57117475,0.148,2.5236,2.92 ,1.80 ,0.92 ,0.02 ,0.01 ,0.02 ,0.09 ,0.07 ,0.02 ,0.38 ,0.01 ,0.05 ,0.25 ,0.02 ,0.02 ,0.23 ,0.30 ,0.22 ,0.14 ,0.06 ,0.02 ,0.01 
9.250461126,0.134,3.1681,3.14 ,2.20 ,0.85 ,0.04 ,0.03 ,0.01 ,0.12 ,0.09 ,0.01 ,0.39 ,0.02 ,0.07 ,0.15 ,0.02 ,0.00 ,0.19 ,0.33 ,0.24 ,0.14 ,0.07 ,0.02 ,0.01 
5.893836108,0.114,5.8501,3.39 ,3.00 ,0.63 ,0.12 ,0.08 ,0.06 ,0.12 ,0.10 ,0.01 ,0.25 ,0.15 ,0.19 ,0.09 ,0.01 ,0.00 ,0.21 ,0.31 ,0.27 ,0.14 ,0.06 ,0.01 ,0.00 
3.803888419,0.186,1.6306,2.59 ,1.27 ,0.98 ,0.00 ,0.01 ,0.01 ,0.10 ,0.12 ,0.02 ,0.33 ,0.01 ,0.09 ,0.29 ,0.02 ,0.00 ,0.22 ,0.30 ,0.27 ,0.14 ,0.05 ,0.02 ,0.01 
4.172120419,0.124,2.9423,2.67 ,2.09 ,0.87 ,0.01 ,0.03 ,0.03 ,0.21 ,0.13 ,0.03 ,0.40 ,0.05 ,0.03 ,0.09 ,0.02 ,0.02 ,0.28 ,0.30 ,0.24 ,0.10 ,0.04 ,0.01 ,0.01 
3.276535583,0.067,4.2951,3.47 ,4.17 ,0.84 ,0.06 ,0.03 ,0.02 ,0.13 ,0.11 ,0.01 ,0.33 ,0.05 ,0.12 ,0.16 ,0.03 ,0.00 ,0.25 ,0.30 ,0.21 ,0.12 ,0.07 ,0.03 ,0.01 
0.918969464,0.057,3.1574,3.83 ,2.15 ,0.96 ,0.00 ,0.02 ,0.00 ,0.18 ,0.07 ,0.02 ,0.30 ,0.02 ,0.11 ,0.07 ,0.14 ,0.00 ,0.25 ,0.30 ,0.19 ,0.09 ,0.04 ,0.07 ,0.07 
1.448463468,0.064,4.3611,3.62 ,6.65 ,0.56 ,0.09 ,0.09 ,0.06 ,0.12 ,0.12 ,0.02 ,0.36 ,0.06 ,0.05 ,0.18 ,0.03 ,0.02 ,0.19 ,0.32 ,0.20 ,0.14 ,0.07 ,0.03 ,0.02 
1.879699248,0.059,2.0276,2.55 ,2.00 ,0.95 ,0.00 ,0.02 ,0.02 ,0.20 ,0.10 ,0.03 ,0.32 ,0.03 ,0.12 ,0.13 ,0.05 ,0.02 ,0.25 ,0.37 ,0.13 ,0.14 ,0.07 ,0.03 ,0.00 
6.478612531,0.201,2.0093,2.60 ,1.40 ,0.80 ,0.04 ,0.11 ,0.02 ,0.12 ,0.06 ,0.01 ,0.46 ,0.07 ,0.04 ,0.21 ,0.02 ,0.00 ,0.20 ,0.36 ,0.24 ,0.13 ,0.05 ,0.01 ,0.00 
2.373697605,0.073,1.7861,2.87 ,3.30 ,0.97 ,0.01 ,0.00 ,0.00 ,0.10 ,0.15 ,0.02 ,0.35 ,0.02 ,0.12 ,0.14 ,0.07 ,0.02 ,0.26 ,0.31 ,0.17 ,0.10 ,0.10 ,0.02 ,0.01 
5.067756748,0.145,1.7516,2.62 ,1.40 ,0.92 ,0.00 ,0.04 ,0.01 ,0.12 ,0.08 ,0.01 ,0.28 ,0.04 ,0.06 ,0.23 ,0.03 ,0.02 ,0.21 ,0.32 ,0.24 ,0.12 ,0.06 ,0.02 ,0.01 
5.80035021,0.168,2.1832,2.79 ,1.40 ,0.91 ,0.02 ,0.04 ,0.01 ,0.15 ,0.07 ,0.02 ,0.41 ,0.05 ,0.07 ,0.19 ,0.02 ,0.01 ,0.21 ,0.34 ,0.24 ,0.12 ,0.05 ,0.02 ,0.01 
2.810664257,0.087,3.1283,3.43 ,2.25 ,0.86 ,0.07 ,0.00 ,0.05 ,0.16 ,0.11 ,0.00 ,0.43 ,0.03 ,0.10 ,0.12 ,0.02 ,0.00 ,0.27 ,0.30 ,0.20 ,0.10 ,0.10 ,0.02 ,0.01 
2.479878663,0.066,7.5317,4.21 ,4.18 ,0.83 ,0.03 ,0.08 ,0.01 ,0.15 ,0.06 ,0.00 ,0.20 ,0.13 ,0.21 ,0.10 ,0.02 ,0.00 ,0.18 ,0.34 ,0.25 ,0.13 ,0.05 ,0.04 ,0.00 
1.630757067,0.059,2.7729,3.02 ,2.67 ,0.88 ,0.04 ,0.03 ,0.02 ,0.14 ,0.14 ,0.01 ,0.25 ,0.02 ,0.15 ,0.18 ,0.02 ,0.00 ,0.25 ,0.31 ,0.22 ,0.10 ,0.08 ,0.02 ,0.02 
5.032472692,0.104,5.6852,3.66 ,3.00 ,0.77 ,0.04 ,0.01 ,0.00 ,0.15 ,0.09 ,0.00 ,0.31 ,0.12 ,0.09 ,0.20 ,0.01 ,0.00 ,0.17 ,0.40 ,0.23 ,0.11 ,0.07 ,0.01 ,0.01 
2.100009882,0.056,2.2455,3.03 ,3.08 ,0.91 ,0.05 ,0.00 ,0.02 ,0.21 ,0.15 ,0.00 ,0.28 ,0.01 ,0.07 ,0.13 ,0.02 ,0.00 ,0.24 ,0.26 ,0.31 ,0.12 ,0.04 ,0.02 ,0.02 
3.864890615,0.082,2.8464,2.49 ,2.22 ,0.98 ,0.01 ,0.00 ,0.00 ,0.21 ,0.10 ,0.04 ,0.43 ,0.04 ,0.01 ,0.09 ,0.03 ,0.03 ,0.24 ,0.24 ,0.20 ,0.14 ,0.10 ,0.04 ,0.00 
9.805974183,0.191,3.4205,3.24 ,1.65 ,0.66 ,0.08 ,0.02 ,0.01 ,0.17 ,0.08 ,0.01 ,0.53 ,0.01 ,0.04 ,0.09 ,0.02 ,0.00 ,0.22 ,0.36 ,0.20 ,0.13 ,0.06 ,0.02 ,0.01 
3.625676965,0.215,2.3231,2.78 ,1.55 ,0.49 ,0.15 ,0.15 ,0.06 ,0.11 ,0.12 ,0.03 ,0.46 ,0.01 ,0.09 ,0.09 ,0.00 ,0.01 ,0.23 ,0.36 ,0.23 ,0.10 ,0.04 ,0.01 ,0.02 
5.95933307,0.145,2.2748,2.61 ,1.64 ,0.97 ,0.01 ,0.00 ,0.01 ,0.15 ,0.09 ,0.02 ,0.35 ,0.02 ,0.06 ,0.25 ,0.03 ,0.00 ,0.23 ,0.33 ,0.21 ,0.13 ,0.06 ,0.02 ,0.01 
5.743401973,0.117,2.5385,2.52 ,2.20 ,0.86 ,0.01 ,0.00 ,0.01 ,0.13 ,0.10 ,0.01 ,0.25 ,0.04 ,0.27 ,0.10 ,0.03 ,0.02 ,0.25 ,0.28 ,0.17 ,0.15 ,0.09 ,0.03 ,0.02 
2.555282912,0.162,1.8327,2.75 ,1.75 ,0.92 ,0.01 ,0.01 ,0.02 ,0.06 ,0.05 ,0.01 ,0.47 ,0.01 ,0.03 ,0.31 ,0.02 ,0.00 ,0.19 ,0.31 ,0.28 ,0.15 ,0.05 ,0.02 ,0.01 
2.475544456,0.079,2.9844,2.93 ,1.95 ,0.99 ,0.00 ,0.00 ,0.00 ,0.17 ,0.10 ,0.00 ,0.37 ,0.03 ,0.15 ,0.13 ,0.03 ,0.01 ,0.23 ,0.30 ,0.23 ,0.14 ,0.05 ,0.03 ,0.01 
3.229340868,0.075,3.8422,3.30 ,4.20 ,0.83 ,0.02 ,0.01 ,0.03 ,0.08 ,0.13 ,0.01 ,0.24 ,0.05 ,0.07 ,0.15 ,0.03 ,0.01 ,0.21 ,0.33 ,0.21 ,0.13 ,0.08 ,0.03 ,0.01 
4.852226865,0.156,2.5315,2.90 ,1.65 ,0.66 ,0.09 ,0.08 ,0.03 ,0.08 ,0.07 ,0.01 ,0.51 ,0.04 ,0.04 ,0.13 ,0.01 ,0.02 ,0.23 ,0.34 ,0.24 ,0.12 ,0.03 ,0.01 ,0.00 
3.512437964,0.096,2.2508,2.84 ,2.18 ,0.89 ,0.00 ,0.01 ,0.01 ,0.11 ,0.08 ,0.02 ,0.28 ,0.04 ,0.06 ,0.23 ,0.04 ,0.00 ,0.23 ,0.30 ,0.20 ,0.13 ,0.09 ,0.03 ,0.02 
6.478268718,0.126,5.9307,3.53 ,3.25 ,0.48 ,0.14 ,0.28 ,0.05 ,0.13 ,0.10 ,0.01 ,0.49 ,0.02 ,0.13 ,0.08 ,0.01 ,0.01 ,0.20 ,0.31 ,0.24 ,0.15 ,0.06 ,0.01 ,0.01 
4.07380671,0.108,5.1751,3.09 ,2.83 ,0.81 ,0.04 ,0.06 ,0.07 ,0.15 ,0.13 ,0.02 ,0.45 ,0.02 ,0.07 ,0.12 ,0.02 ,0.02 ,0.34 ,0.30 ,0.19 ,0.09 ,0.04 ,0.02 ,0.00 
2.610252076,0.056,3.7079,3.70 ,3.55 ,0.76 ,0.02 ,0.02 ,0.01 ,0.23 ,0.09 ,0.00 ,0.25 ,0.02 ,0.14 ,0.15 ,0.02 ,0.01 ,0.18 ,0.29 ,0.26 ,0.17 ,0.07 ,0.01 ,0.01 
2.547572957,0.083,3.0355,2.95 ,1.82 ,0.96 ,0.01 ,0.01 ,0.02 ,0.13 ,0.13 ,0.01 ,0.27 ,0.02 ,0.17 ,0.19 ,0.02 ,0.00 ,0.24 ,0.38 ,0.20 ,0.11 ,0.05 ,0.01 ,0.02 
2.925480168,0.074,4.6947,3.50 ,2.70 ,0.73 ,0.04 ,0.02 ,0.00 ,0.15 ,0.19 ,0.01 ,0.23 ,0.03 ,0.10 ,0.21 ,0.04 ,0.01 ,0.23 ,0.34 ,0.19 ,0.12 ,0.06 ,0.03 ,0.01 
4.525504287,0.087,2.7025,2.64 ,3.15 ,0.96 ,0.00 ,0.01 ,0.02 ,0.12 ,0.12 ,0.02 ,0.39 ,0.00 ,0.03 ,0.21 ,0.07 ,0.02 ,0.10 ,0.20 ,0.19 ,0.19 ,0.14 ,0.08 ,0.08 
3.171390717,0.103,2.6151,2.64 ,1.90 ,0.99 ,0.00 ,0.00 ,0.00 ,0.16 ,0.16 ,0.01 ,0.30 ,0.02 ,0.11 ,0.16 ,0.04 ,0.00 ,0.27 ,0.30 ,0.17 ,0.14 ,0.07 ,0.03 ,0.02 
4.0984465,0.091,2.3392,2.74 ,2.15 ,0.95 ,0.01 ,0.02 ,0.01 ,0.16 ,0.10 ,0.01 ,0.32 ,0.04 ,0.08 ,0.15 ,0.04 ,0.00 ,0.26 ,0.32 ,0.19 ,0.12 ,0.06 ,0.03 ,0.02 
3.78437634,0.063,2.9032,2.48 ,2.40 ,0.74 ,0.01 ,0.00 ,0.01 ,0.12 ,0.08 ,0.02 ,0.14 ,0.12 ,0.06 ,0.15 ,0.02 ,0.00 ,0.16 ,0.29 ,0.28 ,0.13 ,0.10 ,0.02 ,0.02 
1.279129912,0.078,2.3405,2.91 ,2.48 ,0.67 ,0.03 ,0.01 ,0.02 ,0.11 ,0.07 ,0.03 ,0.26 ,0.02 ,0.08 ,0.32 ,0.04 ,0.01 ,0.21 ,0.22 ,0.26 ,0.19 ,0.08 ,0.03 ,0.01 
2.531610355,0.054,3.3105,3.23 ,3.87 ,0.92 ,0.03 ,0.03 ,0.01 ,0.30 ,0.11 ,0.01 ,0.30 ,0.05 ,0.09 ,0.10 ,0.04 ,0.00 ,0.18 ,0.28 ,0.27 ,0.13 ,0.09 ,0.04 ,0.01 
5.230182021,0.091,3.7636,3.08 ,1.62 ,0.96 ,0.00 ,0.01 ,0.00 ,0.17 ,0.09 ,0.04 ,0.39 ,0.01 ,0.07 ,0.09 ,0.03 ,0.02 ,0.26 ,0.29 ,0.22 ,0.13 ,0.05 ,0.03 ,0.01 
3.527054583,0.095,2.5929,2.91 ,2.25 ,0.88 ,0.00 ,0.01 ,0.01 ,0.19 ,0.09 ,0.00 ,0.34 ,0.01 ,0.09 ,0.15 ,0.06 ,0.00 ,0.21 ,0.33 ,0.20 ,0.12 ,0.07 ,0.04 ,0.03 
0.67634312,0.086,2.0998,2.98 ,2.30 ,0.99 ,0.01 ,0.00 ,0.00 ,0.14 ,0.09 ,0.03 ,0.37 ,0.00 ,0.18 ,0.09 ,0.05 ,0.00 ,0.17 ,0.43 ,0.08 ,0.20 ,0.05 ,0.07 ,0.00 
4.887848398,0.135,3.4407,3.24 ,2.20 ,0.85 ,0.04 ,0.04 ,0.04 ,0.07 ,0.10 ,0.00 ,0.36 ,0.02 ,0.09 ,0.24 ,0.01 ,0.01 ,0.18 ,0.37 ,0.24 ,0.15 ,0.05 ,0.01 ,0.00 
6.757015533,0.144,2.0238,2.76 ,2.95 ,0.91 ,0.03 ,0.02 ,0.01 ,0.09 ,0.07 ,0.02 ,0.38 ,0.17 ,0.07 ,0.11 ,0.01 ,0.03 ,0.24 ,0.30 ,0.20 ,0.15 ,0.07 ,0.02 ,0.01 
10.60881141,0.162,7.0829,4.37 ,5.10 ,0.19 ,0.27 ,0.04 ,0.04 ,0.15 ,0.14 ,0.02 ,0.40 ,0.07 ,0.06 ,0.09 ,0.01 ,0.00 ,0.17 ,0.32 ,0.22 ,0.17 ,0.10 ,0.02 ,0.00 
3.824857569,0.079,3.8383,3.23 ,4.00 ,0.79 ,0.07 ,0.07 ,0.02 ,0.14 ,0.09 ,0.01 ,0.34 ,0.03 ,0.16 ,0.13 ,0.04 ,0.00 ,0.25 ,0.29 ,0.24 ,0.12 ,0.07 ,0.03 ,0.01 
1.821627812,0.06,3.5073,3.38 ,5.40 ,0.75 ,0.06 ,0.10 ,0.05 ,0.17 ,0.14 ,0.01 ,0.47 ,0.01 ,0.05 ,0.11 ,0.01 ,0.00 ,0.22 ,0.25 ,0.23 ,0.17 ,0.11 ,0.03 ,0.01 
4.064165217,0.182,1.8695,2.72 ,1.33 ,0.97 ,0.01 ,0.00 ,0.00 ,0.13 ,0.05 ,0.01 ,0.62 ,0.01 ,0.03 ,0.10 ,0.01 ,0.00 ,0.22 ,0.35 ,0.23 ,0.14 ,0.04 ,0.01 ,0.00 
1.479783545,0.078,2.6742,3.01 ,1.98 ,0.92 ,0.00 ,0.01 ,0.03 ,0.14 ,0.06 ,0.00 ,0.49 ,0.06 ,0.03 ,0.14 ,0.03 ,0.00 ,0.28 ,0.32 ,0.24 ,0.10 ,0.02 ,0.02 ,0.01 
2.438355329,0.084,1.9661,2.85 ,1.80 ,0.97 ,0.00 ,0.00 ,0.01 ,0.15 ,0.09 ,0.01 ,0.27 ,0.05 ,0.09 ,0.18 ,0.04 ,0.01 ,0.19 ,0.37 ,0.20 ,0.13 ,0.04 ,0.05 ,0.01 
3.40248201,0.12,2.6589,2.91 ,2.33 ,0.84 ,0.02 ,0.05 ,0.02 ,0.15 ,0.09 ,0.02 ,0.48 ,0.03 ,0.04 ,0.14 ,0.02 ,0.02 ,0.25 ,0.30 ,0.23 ,0.12 ,0.06 ,0.01 ,0.01 
11.13874551,0.164,2.8931,3.05 ,1.40 ,0.93 ,0.01 ,0.02 ,0.01 ,0.09 ,0.07 ,0.01 ,0.69 ,0.01 ,0.01 ,0.07 ,0.02 ,0.01 ,0.22 ,0.34 ,0.25 ,0.12 ,0.04 ,0.01 ,0.00 
5.389249558,0.19,2.6788,2.81 ,1.20 ,0.38 ,0.01 ,0.00 ,0.00 ,0.11 ,0.05 ,0.02 ,0.37 ,0.02 ,0.07 ,0.11 ,0.02 ,0.03 ,0.20 ,0.30 ,0.28 ,0.10 ,0.05 ,0.02 ,0.01 
4.11625202,0.068,4.4151,3.08 ,3.05 ,0.88 ,0.01 ,0.01 ,0.02 ,0.24 ,0.12 ,0.01 ,0.28 ,0.03 ,0.07 ,0.15 ,0.04 ,0.01 ,0.21 ,0.30 ,0.22 ,0.13 ,0.10 ,0.03 ,0.01 
5.492251103,0.192,2.9019,2.85 ,1.20 ,0.95 ,0.01 ,0.01 ,0.00 ,0.10 ,0.07 ,0.00 ,0.60 ,0.01 ,0.02 ,0.15 ,0.02 ,0.00 ,0.23 ,0.35 ,0.25 ,0.12 ,0.04 ,0.02 ,0.01 
1.636697906,0.054,4.4238,3.90 ,4.25 ,0.88 ,0.03 ,0.05 ,0.00 ,0.22 ,0.12 ,0.01 ,0.32 ,0.01 ,0.10 ,0.14 ,0.01 ,0.00 ,0.19 ,0.27 ,0.23 ,0.19 ,0.10 ,0.01 ,0.00 
3.870837285,0.095,2.5041,3.50 ,4.03 ,0.66 ,0.15 ,0.08 ,0.08 ,0.15 ,0.12 ,0.00 ,0.25 ,0.10 ,0.17 ,0.10 ,0.01 ,0.00 ,0.31 ,0.29 ,0.19 ,0.12 ,0.05 ,0.02 ,0.00 
5.436546038,0.149,2.3144,2.68 ,2.45 ,0.93 ,0.02 ,0.01 ,0.01 ,0.13 ,0.11 ,0.01 ,0.38 ,0.05 ,0.13 ,0.15 ,0.02 ,0.01 ,0.25 ,0.29 ,0.22 ,0.13 ,0.07 ,0.03 ,0.01 
5.114837066,0.109,4.6868,3.17 ,2.18 ,0.85 ,0.05 ,0.03 ,0.04 ,0.11 ,0.09 ,0.02 ,0.47 ,0.09 ,0.01 ,0.11 ,0.01 ,0.03 ,0.28 ,0.32 ,0.20 ,0.10 ,0.05 ,0.02 ,0.01 
4.97540915,0.175,1.8738,2.41 ,1.50 ,0.84 ,0.04 ,0.06 ,0.01 ,0.12 ,0.05 ,0.01 ,0.52 ,0.02 ,0.06 ,0.17 ,0.03 ,0.00 ,0.18 ,0.33 ,0.25 ,0.15 ,0.06 ,0.03 ,0.00 
4.163197336,0.126,2.5309,2.49 ,1.95 ,0.95 ,0.01 ,0.00 ,0.03 ,0.17 ,0.13 ,0.02 ,0.41 ,0.04 ,0.07 ,0.14 ,0.02 ,0.01 ,0.27 ,0.34 ,0.19 ,0.11 ,0.06 ,0.02 ,0.01 
2.755754331,0.063,2.6458,3.16 ,4.42 ,0.75 ,0.04 ,0.02 ,0.03 ,0.15 ,0.11 ,0.01 ,0.31 ,0.03 ,0.18 ,0.13 ,0.01 ,0.00 ,0.27 ,0.30 ,0.27 ,0.11 ,0.04 ,0.02 ,0.00 
6.116751457,0.101,2.2044,2.45 ,2.50 ,0.00 ,0.00 ,0.00 ,0.00 ,0.11 ,0.10 ,0.03 ,0.22 ,0.06 ,0.07 ,0.28 ,0.10 ,0.05 ,0.17 ,0.22 ,0.18 ,0.17 ,0.10 ,0.05 ,0.05 
4.952515415,0.156,2.9046,3.02 ,1.65 ,0.84 ,0.02 ,0.03 ,0.02 ,0.07 ,0.06 ,0.01 ,0.54 ,0.02 ,0.09 ,0.10 ,0.02 ,0.03 ,0.22 ,0.32 ,0.24 ,0.12 ,0.05 ,0.01 ,0.01 
4.804788501,0.173,1.6549,2.82 ,2.25 ,0.93 ,0.01 ,0.00 ,0.02 ,0.08 ,0.12 ,0.02 ,0.29 ,0.04 ,0.12 ,0.25 ,0.06 ,0.02 ,0.23 ,0.29 ,0.18 ,0.14 ,0.07 ,0.04 ,0.02 
3.758955042,0.066,3.1497,3.18 ,3.10 ,0.95 ,0.03 ,0.01 ,0.01 ,0.18 ,0.15 ,0.01 ,0.27 ,0.08 ,0.15 ,0.13 ,0.01 ,0.00 ,0.27 ,0.32 ,0.19 ,0.12 ,0.07 ,0.03 ,0.01 
3.135866865,0.077,3.7068,3.34 ,2.55 ,0.96 ,0.00 ,0.01 ,0.01 ,0.22 ,0.13 ,0.01 ,0.36 ,0.07 ,0.05 ,0.12 ,0.04 ,0.00 ,0.24 ,0.27 ,0.23 ,0.12 ,0.08 ,0.04 ,0.01 
8.730506581,0.185,1.8833,2.44 ,2.45 ,0.85 ,0.01 ,0.00 ,0.01 ,0.08 ,0.11 ,0.00 ,0.49 ,0.04 ,0.10 ,0.11 ,0.02 ,0.01 ,0.22 ,0.27 ,0.22 ,0.16 ,0.09 ,0.03 ,0.01 
3.703467212,0.071,5.2171,3.00 ,4.90 ,0.75 ,0.05 ,0.06 ,0.03 ,0.25 ,0.11 ,0.01 ,0.40 ,0.01 ,0.03 ,0.07 ,0.04 ,0.02 ,0.21 ,0.32 ,0.17 ,0.14 ,0.10 ,0.03 ,0.01 
4.061960565,0.13,2.8724,3.08 ,2.90 ,0.72 ,0.18 ,0.04 ,0.04 ,0.16 ,0.09 ,0.01 ,0.44 ,0.03 ,0.08 ,0.13 ,0.02 ,0.00 ,0.25 ,0.30 ,0.21 ,0.15 ,0.06 ,0.02 ,0.00 
2.300653989,0.08,4.0097,2.97 ,3.50 ,0.91 ,0.01 ,0.01 ,0.02 ,0.14 ,0.12 ,0.01 ,0.23 ,0.04 ,0.12 ,0.22 ,0.02 ,0.01 ,0.28 ,0.27 ,0.18 ,0.16 ,0.08 ,0.02 ,0.00 
7.715573566,0.174,1.7671,2.81 ,2.00 ,0.94 ,0.01 ,0.01 ,0.01 ,0.07 ,0.06 ,0.01 ,0.31 ,0.04 ,0.29 ,0.16 ,0.02 ,0.02 ,0.20 ,0.32 ,0.22 ,0.14 ,0.07 ,0.02 ,0.00 
6.199158893,0.121,1.7493,2.47 ,2.25 ,0.92 ,0.00 ,0.00 ,0.01 ,0.12 ,0.14 ,0.02 ,0.36 ,0.01 ,0.08 ,0.18 ,0.06 ,0.03 ,0.24 ,0.25 ,0.21 ,0.12 ,0.08 ,0.04 ,0.03 
5.837894502,0.192,11.0663,5.09 ,4.58 ,0.18 ,0.12 ,0.40 ,0.04 ,0.12 ,0.12 ,0.01 ,0.53 ,0.03 ,0.03 ,0.07 ,0.01 ,0.00 ,0.19 ,0.34 ,0.26 ,0.14 ,0.06 ,0.01 ,0.00 
3.434647002,0.107,4.3106,2.98 ,2.90 ,0.66 ,0.04 ,0.04 ,0.03 ,0.13 ,0.08 ,0.02 ,0.49 ,0.02 ,0.05 ,0.09 ,0.02 ,0.01 ,0.27 ,0.33 ,0.19 ,0.12 ,0.05 ,0.02 ,0.01 
1.595532509,0.054,3.0187,3.25 ,3.85 ,0.93 ,0.02 ,0.01 ,0.01 ,0.11 ,0.12 ,0.01 ,0.26 ,0.06 ,0.19 ,0.10 ,0.06 ,0.01 ,0.20 ,0.32 ,0.21 ,0.12 ,0.08 ,0.04 ,0.01 
2.856935683,0.057,3.4758,3.86 ,3.31 ,0.82 ,0.05 ,0.03 ,0.03 ,0.28 ,0.11 ,0.00 ,0.32 ,0.03 ,0.05 ,0.16 ,0.02 ,0.00 ,0.22 ,0.27 ,0.23 ,0.13 ,0.11 ,0.03 ,0.01 
4.277685499,0.147,2.6585,2.80 ,1.47 ,0.91 ,0.02 ,0.02 ,0.02 ,0.12 ,0.07 ,0.01 ,0.34 ,0.01 ,0.07 ,0.27 ,0.02 ,0.01 ,0.23 ,0.32 ,0.25 ,0.12 ,0.06 ,0.01 ,0.00 
2.873924022,0.2,1.9543,2.86 ,1.60 ,0.72 ,0.08 ,0.11 ,0.04 ,0.07 ,0.07 ,0.03 ,0.44 ,0.05 ,0.15 ,0.13 ,0.02 ,0.03 ,0.28 ,0.31 ,0.21 ,0.11 ,0.04 ,0.01 ,0.00 
6.943742327,0.152,1.936,3.48 ,4.65 ,0.35 ,0.35 ,0.15 ,0.10 ,0.16 ,0.15 ,0.02 ,0.39 ,0.02 ,0.09 ,0.10 ,0.02 ,0.00 ,0.19 ,0.35 ,0.23 ,0.13 ,0.07 ,0.02 ,0.01 
8.577009222,0.109,4.1327,3.11 ,1.89 ,0.93 ,0.01 ,0.02 ,0.02 ,0.18 ,0.08 ,0.02 ,0.38 ,0.04 ,0.08 ,0.15 ,0.02 ,0.01 ,0.26 ,0.32 ,0.22 ,0.11 ,0.05 ,0.02 ,0.01 
2.442912449,0.07,5.0832,3.38 ,2.95 ,0.86 ,0.02 ,0.05 ,0.03 ,0.08 ,0.10 ,0.01 ,0.30 ,0.09 ,0.05 ,0.20 ,0.01 ,0.00 ,0.19 ,0.32 ,0.26 ,0.17 ,0.05 ,0.01 ,0.00 
3.24974385,0.092,5.9794,3.37 ,3.79 ,0.60 ,0.11 ,0.11 ,0.04 ,0.13 ,0.09 ,0.01 ,0.41 ,0.06 ,0.05 ,0.13 ,0.02 ,0.02 ,0.20 ,0.35 ,0.23 ,0.12 ,0.05 ,0.02 ,0.00 
1.999115016,0.054,2.9662,2.88 ,4.80 ,0.78 ,0.04 ,0.02 ,0.00 ,0.13 ,0.12 ,0.00 ,0.30 ,0.04 ,0.11 ,0.22 ,0.04 ,0.00 ,0.25 ,0.28 ,0.20 ,0.16 ,0.08 ,0.03 ,0.01 
2.912746646,0.073,1.9984,2.81 ,3.20 ,0.95 ,0.01 ,0.00 ,0.03 ,0.15 ,0.13 ,0.00 ,0.20 ,0.06 ,0.10 ,0.20 ,0.05 ,0.00 ,0.18 ,0.31 ,0.20 ,0.17 ,0.08 ,0.05 ,0.01 
7.183618122,0.086,4.593,3.69 ,3.89 ,0.80 ,0.08 ,0.03 ,0.05 ,0.22 ,0.10 ,0.02 ,0.25 ,0.09 ,0.06 ,0.16 ,0.02 ,0.01 ,0.22 ,0.33 ,0.23 ,0.12 ,0.07 ,0.02 ,0.01 
3.111097088,0.064,5.6409,3.61 ,3.40 ,0.88 ,0.02 ,0.01 ,0.02 ,0.16 ,0.12 ,0.01 ,0.24 ,0.04 ,0.22 ,0.08 ,0.02 ,0.00 ,0.26 ,0.32 ,0.17 ,0.13 ,0.08 ,0.02 ,0.01 
4.577922656,0.098,1.7631,2.92 ,2.45 ,0.97 ,0.01 ,0.00 ,0.02 ,0.11 ,0.12 ,0.02 ,0.40 ,0.01 ,0.03 ,0.23 ,0.05 ,0.02 ,0.19 ,0.26 ,0.18 ,0.12 ,0.12 ,0.06 ,0.05 
1.205282281,0.123,2.589,2.98 ,1.78 ,0.97 ,0.01 ,0.01 ,0.01 ,0.12 ,0.04 ,0.01 ,0.59 ,0.00 ,0.17 ,0.02 ,0.04 ,0.00 ,0.23 ,0.30 ,0.19 ,0.15 ,0.08 ,0.03 ,0.02 
5.198261701,0.123,2.0257,2.93 ,1.80 ,0.97 ,0.01 ,0.01 ,0.00 ,0.10 ,0.09 ,0.01 ,0.40 ,0.00 ,0.09 ,0.25 ,0.04 ,0.01 ,0.22 ,0.27 ,0.23 ,0.15 ,0.08 ,0.03 ,0.01 
2.290663756,0.059,2.7698,3.19 ,3.28 ,0.92 ,0.01 ,0.01 ,0.03 ,0.18 ,0.08 ,0.02 ,0.23 ,0.11 ,0.04 ,0.11 ,0.03 ,0.00 ,0.22 ,0.31 ,0.22 ,0.15 ,0.05 ,0.04 ,0.00 
5.149406098,0.081,3.4953,2.86 ,2.44 ,0.89 ,0.01 ,0.01 ,0.01 ,0.19 ,0.13 ,0.01 ,0.37 ,0.05 ,0.06 ,0.11 ,0.02 ,0.00 ,0.22 ,0.33 ,0.21 ,0.14 ,0.07 ,0.02 ,0.01 
5.932969672,0.135,28.4899,4.60 ,9.00 ,0.27 ,0.21 ,0.11 ,0.06 ,0.10 ,0.11 ,0.01 ,0.35 ,0.04 ,0.10 ,0.07 ,0.02 ,0.00 ,0.15 ,0.32 ,0.23 ,0.16 ,0.09 ,0.03 ,0.01 
6.365054791,0.148,1.902,2.62 ,1.36 ,0.93 ,0.02 ,0.02 ,0.01 ,0.12 ,0.09 ,0.01 ,0.49 ,0.03 ,0.03 ,0.16 ,0.02 ,0.01 ,0.22 ,0.35 ,0.23 ,0.13 ,0.05 ,0.02 ,0.01 
2.862697641,0.078,2.6727,2.91 ,2.65 ,0.92 ,0.03 ,0.01 ,0.01 ,0.17 ,0.11 ,0.02 ,0.24 ,0.06 ,0.18 ,0.12 ,0.03 ,0.03 ,0.23 ,0.30 ,0.20 ,0.13 ,0.07 ,0.03 ,0.01 
2.28707564,0.058,4.882,3.42 ,4.20 ,0.93 ,0.01 ,0.02 ,0.02 ,0.18 ,0.09 ,0.00 ,0.40 ,0.01 ,0.03 ,0.21 ,0.06 ,0.01 ,0.24 ,0.24 ,0.20 ,0.16 ,0.09 ,0.05 ,0.02 
3.087133857,0.058,5.4856,3.46 ,4.99 ,0.79 ,0.05 ,0.10 ,0.03 ,0.19 ,0.10 ,0.01 ,0.43 ,0.01 ,0.06 ,0.12 ,0.02 ,0.00 ,0.17 ,0.26 ,0.28 ,0.19 ,0.07 ,0.03 ,0.01 
3.474791574,0.174,1.9022,2.67 ,1.68 ,0.91 ,0.01 ,0.01 ,0.01 ,0.10 ,0.09 ,0.01 ,0.43 ,0.02 ,0.05 ,0.22 ,0.02 ,0.00 ,0.21 ,0.35 ,0.21 ,0.15 ,0.07 ,0.01 ,0.01 
1.833913018,0.044,4.9108,3.82 ,4.10 ,0.80 ,0.06 ,0.07 ,0.05 ,0.13 ,0.14 ,0.01 ,0.37 ,0.13 ,0.13 ,0.05 ,0.02 ,0.01 ,0.20 ,0.29 ,0.23 ,0.16 ,0.08 ,0.01 ,0.01 
8.63819793,0.211,2.2447,2.83 ,1.57 ,0.56 ,0.12 ,0.07 ,0.12 ,0.14 ,0.09 ,0.02 ,0.60 ,0.01 ,0.03 ,0.07 ,0.01 ,0.01 ,0.25 ,0.34 ,0.23 ,0.12 ,0.05 ,0.01 ,0.00 
6.612476936,0.117,3.4065,2.78 ,2.08 ,0.91 ,0.02 ,0.03 ,0.02 ,0.15 ,0.15 ,0.03 ,0.30 ,0.01 ,0.07 ,0.20 ,0.03 ,0.02 ,0.31 ,0.31 ,0.18 ,0.10 ,0.05 ,0.02 ,0.01 
4.244673837,0.101,3.9693,3.09 ,3.00 ,0.90 ,0.01 ,0.01 ,0.01 ,0.09 ,0.08 ,0.00 ,0.29 ,0.03 ,0.09 ,0.28 ,0.03 ,0.00 ,0.21 ,0.31 ,0.22 ,0.14 ,0.08 ,0.03 ,0.01 
3.07436453,0.085,2.7518,2.82 ,2.65 ,0.96 ,0.01 ,0.01 ,0.01 ,0.22 ,0.16 ,0.01 ,0.34 ,0.00 ,0.04 ,0.14 ,0.03 ,0.01 ,0.26 ,0.31 ,0.21 ,0.13 ,0.05 ,0.01 ,0.01 
4.484066969,0.125,1.9252,2.61 ,1.55 ,0.97 ,0.00 ,0.01 ,0.01 ,0.08 ,0.09 ,0.02 ,0.28 ,0.06 ,0.07 ,0.27 ,0.04 ,0.00 ,0.21 ,0.29 ,0.24 ,0.13 ,0.09 ,0.03 ,0.02 
4.241687183,0.127,1.849,2.65 ,1.90 ,0.94 ,0.00 ,0.01 ,0.01 ,0.14 ,0.10 ,0.01 ,0.21 ,0.03 ,0.14 ,0.26 ,0.05 ,0.02 ,0.20 ,0.32 ,0.21 ,0.12 ,0.07 ,0.03 ,0.01 
3.805470779,0.072,3.336,3.07 ,2.45 ,0.93 ,0.01 ,0.01 ,0.01 ,0.21 ,0.13 ,0.02 ,0.33 ,0.04 ,0.06 ,0.14 ,0.02 ,0.04 ,0.26 ,0.28 ,0.21 ,0.12 ,0.06 ,0.01 ,0.01 