Total owed a prevention or relief duty,2020_people_per_sq_km,Income_deprivation_score_2019,GDP_2019,median_earnings_2020,median_house_price_2020 ,white,Black / African / Caribbean / Black British: African,Asian/Asian_Britian,Mixed / Multiple ethnic groups,"Full-time
 work","Part-time
 work",Student / training,Registered unemployed,Not registered but seeking work,Not seeking work / at home,Not working due to long-term illness / disability,Retired
139.000000 ,1526.000000 ,0.108000 ,21789.000000 ,27196.000000 ,317250.000000 ,0.920000 ,0.030000 ,0.000000 ,0.010000 ,0.158300 ,0.122300 ,0.000000 ,0.215800 ,0.028800 ,0.172700 ,0.280600 ,0.014400 
397.000000 ,485.000000 ,0.109000 ,24865.000000 ,28285.000000 ,170000.000000 ,0.960000 ,0.020000 ,0.010000 ,0.010000 ,0.090700 ,0.085600 ,0.002500 ,0.423200 ,0.032700 ,0.075600 ,0.226700 ,0.015100 
578.000000 ,729.000000 ,0.104000 ,18389.000000 ,25208.000000 ,282000.000000 ,0.950000 ,0.010000 ,0.010000 ,0.010000 ,0.114200 ,0.114200 ,0.005200 ,0.304500 ,0.031100 ,0.076100 ,0.268200 ,0.027700 
348.000000 ,1171.000000 ,0.152000 ,25506.000000 ,27374.000000 ,143000.000000 ,0.920000 ,0.010000 ,0.010000 ,0.000000 ,0.132200 ,0.120700 ,0.002900 ,0.482800 ,0.002900 ,0.060300 ,0.086200 ,0.020100 
562.000000 ,226.000000 ,0.110000 ,28532.000000 ,28754.000000 ,280000.000000 ,0.870000 ,0.040000 ,0.010000 ,0.020000 ,0.108500 ,0.137000 ,0.017800 ,0.373700 ,0.044500 ,0.103200 ,0.110300 ,0.024900 
317.000000 ,156.000000 ,0.080000 ,23061.000000 ,26612.000000 ,274750.000000 ,0.750000 ,0.010000 ,0.000000 ,0.000000 ,0.145100 ,0.148300 ,0.006300 ,0.261800 ,0.006300 ,0.119900 ,0.233400 ,0.050500 
1407.000000 ,5931.000000 ,0.194000 ,19934.000000 ,32821.000000 ,320000.000000 ,0.440000 ,0.270000 ,0.130000 ,0.020000 ,0.125100 ,0.126500 ,0.019900 ,0.228100 ,0.098800 ,0.198300 ,0.099500 ,0.010000 
2030.000000 ,4599.000000 ,0.111000 ,27311.000000 ,32030.000000 ,555000.000000 ,0.380000 ,0.240000 ,0.170000 ,0.090000 ,0.119700 ,0.149300 ,0.026600 ,0.277800 ,0.052700 ,0.070400 ,0.132000 ,0.023200 
781.000000 ,754.000000 ,0.169000 ,19445.000000 ,27048.000000 ,129000.000000 ,0.900000 ,0.020000 ,0.010000 ,0.010000 ,0.081900 ,0.055100 ,0.010200 ,0.636400 ,0.007700 ,0.037100 ,0.126800 ,0.020500 
287.000000 ,857.000000 ,0.159000 ,30828.000000 ,36340.000000 ,125000.000000 ,0.990000 ,0.000000 ,0.000000 ,0.000000 ,0.073200 ,0.080100 ,0.013900 ,0.414600 ,0.059200 ,0.038300 ,0.257800 ,0.027900 
652.000000 ,1705.000000 ,0.138000 ,34973.000000 ,31947.000000 ,300000.000000 ,0.860000 ,0.060000 ,0.010000 ,0.020000 ,0.131900 ,0.104300 ,0.006100 ,0.268400 ,0.007700 ,0.154900 ,0.240800 ,0.019900 
387.000000 ,280.000000 ,0.071000 ,44484.000000 ,35976.000000 ,305000.000000 ,0.680000 ,0.040000 ,0.010000 ,0.030000 ,0.098200 ,0.105900 ,0.020700 ,0.547800 ,0.025800 ,0.059400 ,0.090400 ,0.018100 
230.000000 ,185.000000 ,0.122000 ,23271.000000 ,26458.000000 ,155000.000000 ,0.960000 ,0.010000 ,0.000000 ,0.000000 ,0.078300 ,0.052200 ,0.000000 ,0.613000 ,0.017400 ,0.056500 ,0.152200 ,0.017400 
398.000000 ,568.000000 ,0.079000 ,26427.000000 ,30498.000000 ,320000.000000 ,0.830000 ,0.020000 ,0.010000 ,0.010000 ,0.130700 ,0.115600 ,0.002500 ,0.246200 ,0.012600 ,0.110600 ,0.188400 ,0.037700 
1077.000000 ,367.000000 ,0.114000 ,28926.000000 ,32013.000000 ,270000.000000 ,0.690000 ,0.060000 ,0.070000 ,0.040000 ,0.145800 ,0.097500 ,0.013000 ,0.346300 ,0.048300 ,0.128100 ,0.130900 ,0.017600 
786.000000 ,4115.000000 ,0.106000 ,29819.000000 ,30913.000000 ,366000.000000 ,0.650000 ,0.210000 ,0.040000 ,0.030000 ,0.122100 ,0.123400 ,0.034400 ,0.390600 ,0.035600 ,0.120900 ,0.085200 ,0.016500 
4784.000000 ,4259.000000 ,0.222000 ,27003.000000 ,33179.000000 ,180000.000000 ,0.340000 ,0.210000 ,0.210000 ,0.060000 ,0.095500 ,0.103500 ,0.013800 ,0.544700 ,0.024900 ,0.000000 ,0.074400 ,0.009000 
354.000000 ,781.000000 ,0.069000 ,40282.000000 ,31045.000000 ,223150.000000 ,0.850000 ,0.040000 ,0.040000 ,0.040000 ,0.161000 ,0.132800 ,0.014100 ,0.291000 ,0.039500 ,0.065000 ,0.115800 ,0.019800 
885.000000 ,1095.000000 ,0.212000 ,23885.000000 ,24761.000000 ,115000.000000 ,0.770000 ,0.020000 ,0.150000 ,0.010000 ,0.074600 ,0.061000 ,0.058800 ,0.346900 ,0.047500 ,0.091500 ,0.193200 ,0.019200 
1105.000000 ,3968.000000 ,0.247000 ,23099.000000 ,24784.000000 ,115000.000000 ,0.920000 ,0.000000 ,0.000000 ,0.000000 ,0.038900 ,0.026200 ,0.006300 ,0.441600 ,0.020800 ,0.038900 ,0.316700 ,0.018100 
98.000000 ,507.000000 ,0.147000 ,29528.000000 ,27577.000000 ,125000.000000 ,1.000000 ,0.000000 ,0.000000 ,0.000000 ,0.081600 ,0.051000 ,0.000000 ,0.408200 ,0.020400 ,0.132700 ,0.193900 ,0.040800 
1484.000000 ,2062.000000 ,0.186000 ,23623.000000 ,25412.000000 ,140000.000000 ,0.770000 ,0.060000 ,0.090000 ,0.020000 ,0.091600 ,0.064700 ,0.012100 ,0.359800 ,0.022200 ,0.162400 ,0.182600 ,0.010800 
198.000000 ,195.000000 ,0.128000 ,24275.000000 ,24582.000000 ,160000.000000 ,0.950000 ,0.020000 ,0.010000 ,0.030000 ,0.101000 ,0.065700 ,0.005100 ,0.363600 ,0.030300 ,0.045500 ,0.318200 ,0.040400 
2093.000000 ,2449.000000 ,0.112000 ,30084.000000 ,29207.000000 ,286000.000000 ,0.920000 ,0.020000 ,0.010000 ,0.020000 ,0.085000 ,0.096000 ,0.012400 ,0.335400 ,0.054900 ,0.098900 ,0.241300 ,0.030600 
740.000000 ,1135.000000 ,0.068000 ,46847.000000 ,41770.000000 ,335000.000000 ,0.740000 ,0.050000 ,0.030000 ,0.030000 ,0.266200 ,0.147300 ,0.017600 ,0.178400 ,0.062200 ,0.104100 ,0.112200 ,0.031100 
2502.000000 ,1480.000000 ,0.189000 ,21410.000000 ,27947.000000 ,135000.000000 ,0.620000 ,0.040000 ,0.200000 ,0.010000 ,0.058800 ,0.052000 ,0.006800 ,0.432900 ,0.038800 ,0.103500 ,0.195000 ,0.012400 
450.000000 ,250.000000 ,0.092000 ,26584.000000 ,29259.000000 ,277500.000000 ,0.900000 ,0.020000 ,0.010000 ,0.010000 ,0.097800 ,0.117800 ,0.015600 ,0.284400 ,0.024400 ,0.135600 ,0.233300 ,0.044400 
586.000000 ,108.000000 ,0.100000 ,21096.000000 ,26597.000000 ,220000.000000 ,0.940000 ,0.010000 ,0.010000 ,0.010000 ,0.180900 ,0.097300 ,0.015400 ,0.298600 ,0.030700 ,0.112600 ,0.187700 ,0.032400 
2919.000000 ,7580.000000 ,0.155000 ,31372.000000 ,33972.000000 ,524000.000000 ,0.100000 ,0.350000 ,0.110000 ,0.030000 ,0.062400 ,0.007900 ,0.007900 ,0.117500 ,0.042500 ,0.038000 ,0.049300 ,0.013700 
63.000000 ,504.000000 ,0.064000 ,50784.000000 ,34035.000000 ,456000.000000 ,0.900000 ,0.050000 ,0.020000 ,0.020000 ,0.127000 ,0.254000 ,0.000000 ,0.158700 ,0.000000 ,0.111100 ,0.190500 ,0.031700 
2769.000000 ,4248.000000 ,0.141000 ,36537.000000 ,32982.000000 ,280000.000000 ,0.550000 ,0.130000 ,0.030000 ,0.030000 ,0.088500 ,0.089600 ,0.013700 ,0.252400 ,0.048400 ,0.082300 ,0.240900 ,0.010100 
111.000000 ,239.000000 ,0.072000 ,30529.000000 ,29861.000000 ,250000.000000 ,0.930000 ,0.010000 ,0.000000 ,0.010000 ,0.180200 ,0.180200 ,0.009000 ,0.243200 ,0.009000 ,0.090100 ,0.207200 ,0.045000 
1150.000000 ,2216.000000 ,0.091000 ,28928.000000 ,34217.000000 ,450000.000000 ,0.610000 ,0.220000 ,0.040000 ,0.080000 ,0.138300 ,0.133000 ,0.027000 ,0.436500 ,0.150400 ,0.015700 ,0.036500 ,0.033000 
201.000000 ,464.000000 ,0.073000 ,33036.000000 ,28632.000000 ,285500.000000 ,0.890000 ,0.010000 ,0.020000 ,0.010000 ,0.228900 ,0.139300 ,0.019900 ,0.233800 ,0.034800 ,0.069700 ,0.169200 ,0.039800 
680.000000 ,1897.000000 ,0.108000 ,28214.000000 ,30066.000000 ,365000.000000 ,0.810000 ,0.130000 ,0.010000 ,0.030000 ,0.130900 ,0.095600 ,0.026500 ,0.458800 ,0.038200 ,0.086800 ,0.114700 ,0.014700 
218.000000 ,1431.000000 ,0.097000 ,22231.000000 ,24808.000000 ,190000.000000 ,0.870000 ,0.010000 ,0.020000 ,0.020000 ,0.119300 ,0.119300 ,0.027500 ,0.302800 ,0.045900 ,0.206400 ,0.096300 ,0.027500 
516.000000 ,807.000000 ,0.203000 ,25815.000000 ,24480.000000 ,92000.000000 ,0.910000 ,0.010000 ,0.040000 ,0.030000 ,0.064000 ,0.052300 ,0.013600 ,0.403100 ,0.036800 ,0.046500 ,0.275200 ,0.025200 
731.000000 ,1917.000000 ,0.145000 ,21727.000000 ,26752.000000 ,177450.000000 ,0.790000 ,0.050000 ,0.070000 ,0.030000 ,0.123100 ,0.076600 ,0.024600 ,0.331100 ,0.075200 ,0.060200 ,0.156000 ,0.026000 
811.000000 ,581.000000 ,0.149000 ,25710.000000 ,27571.000000 ,146000.000000 ,0.830000 ,0.030000 ,0.060000 ,0.020000 ,0.070300 ,0.043200 ,0.039500 ,0.436500 ,0.080100 ,0.067800 ,0.156600 ,0.027100 
599.000000 ,3073.000000 ,0.077000 ,54174.000000 ,34624.000000 ,425000.000000 ,0.750000 ,0.050000 ,0.060000 ,0.040000 ,0.148600 ,0.118500 ,0.013400 ,0.320500 ,0.048400 ,0.070100 ,0.188600 ,0.006700 
1098.000000 ,12834.000000 ,0.141000 ,135264.000000 ,40772.000000 ,775000.000000 ,0.120000 ,0.230000 ,0.150000 ,0.120000 ,0.102900 ,0.110200 ,0.028200 ,0.231300 ,0.065600 ,0.036400 ,0.197600 ,0.013700 
178.000000 ,1287.000000 ,0.127000 ,24497.000000 ,26766.000000 ,168000.000000 ,0.900000 ,0.020000 ,0.010000 ,0.040000 ,0.168500 ,0.179800 ,0.011200 ,0.247200 ,0.000000 ,0.230300 ,0.123600 ,0.028100 
778.000000 ,540.000000 ,0.100000 ,23998.000000 ,27940.000000 ,306000.000000 ,0.880000 ,0.030000 ,0.020000 ,0.030000 ,0.078400 ,0.096400 ,0.019300 ,0.368900 ,0.084800 ,0.070700 ,0.163200 ,0.032100 
352.000000 ,105.000000 ,0.116000 ,30305.000000 ,29262.000000 ,132000.000000 ,0.970000 ,0.000000 ,0.010000 ,0.010000 ,0.164800 ,0.093800 ,0.005700 ,0.343800 ,0.022700 ,0.045500 ,0.224400 ,0.042600 
232.000000 ,2026.000000 ,0.107000 ,14505.000000 ,27083.000000 ,302250.000000 ,0.920000 ,0.020000 ,0.000000 ,0.000000 ,0.064700 ,0.116400 ,0.004300 ,0.211200 ,0.025900 ,0.241400 ,0.228400 ,0.051700 
1150.000000 ,411.000000 ,0.077000 ,25242.000000 ,30625.000000 ,295000.000000 ,0.840000 ,0.070000 ,0.020000 ,0.050000 ,0.213000 ,0.115700 ,0.016500 ,0.341700 ,0.038300 ,0.067000 ,0.150400 ,0.020900 
799.000000 ,530.000000 ,0.077000 ,32346.000000 ,32680.000000 ,343250.000000 ,0.690000 ,0.040000 ,0.010000 ,0.010000 ,0.148900 ,0.135200 ,0.011300 ,0.332900 ,0.073800 ,0.088900 ,0.117600 ,0.018800 
518.000000 ,2490.000000 ,0.091000 ,33143.000000 ,29926.000000 ,266000.000000 ,0.890000 ,0.020000 ,0.030000 ,0.010000 ,0.125500 ,0.086900 ,0.007700 ,0.453700 ,0.042500 ,0.042500 ,0.162200 ,0.019300 
313.000000 ,258.000000 ,0.076000 ,37031.000000 ,32259.000000 ,285000.000000 ,0.710000 ,0.040000 ,0.030000 ,0.030000 ,0.162900 ,0.095800 ,0.006400 ,0.479200 ,0.035100 ,0.079900 ,0.095800 ,0.022400 
1280.000000 ,332.000000 ,0.083000 ,42086.000000 ,30257.000000 ,220000.000000 ,0.950000 ,0.010000 ,0.010000 ,0.000000 ,0.157800 ,0.095300 ,0.009400 ,0.303900 ,0.028900 ,0.083600 ,0.209400 ,0.034400 
1799.000000 ,374.000000 ,0.108000 ,34430.000000 ,28707.000000 ,204000.000000 ,0.950000 ,0.010000 ,0.010000 ,0.020000 ,0.142900 ,0.095100 ,0.010000 ,0.345700 ,0.057300 ,0.045600 ,0.209600 ,0.025600 
568.000000 ,1589.000000 ,0.153000 ,26609.000000 ,27287.000000 ,155000.000000 ,0.960000 ,0.010000 ,0.010000 ,0.010000 ,0.116200 ,0.081000 ,0.007000 ,0.380300 ,0.026400 ,0.103900 ,0.250000 ,0.014100 
820.000000 ,586.000000 ,0.102000 ,21469.000000 ,27786.000000 ,165750.000000 ,0.640000 ,0.010000 ,0.000000 ,0.010000 ,0.104900 ,0.046300 ,0.008500 ,0.218300 ,0.019500 ,0.092700 ,0.153700 ,0.025600 
12.000000 ,3785.000000 ,0.065000 ,7282005.000000 ,61471.000000 ,780000.000000 ,0.420000 ,0.170000 ,0.170000 ,0.080000 ,0.666700 ,0.083300 ,0.000000 ,0.083300 ,0.000000 ,0.000000 ,0.083300 ,0.000000 
738.000000 ,601.000000 ,0.099000 ,26202.000000 ,28775.000000 ,265000.000000 ,0.790000 ,0.030000 ,0.020000 ,0.010000 ,0.119200 ,0.088100 ,0.010800 ,0.262900 ,0.032500 ,0.138200 ,0.210000 ,0.028500 
283.000000 ,93.000000 ,0.130000 ,25274.000000 ,49541.000000 ,123500.000000 ,0.980000 ,0.010000 ,0.000000 ,0.000000 ,0.120100 ,0.088300 ,0.010600 ,0.452300 ,0.081300 ,0.014100 ,0.166100 ,0.028300 
3223.000000 ,162.000000 ,0.130000 ,23253.000000 ,25614.000000 ,235000.000000 ,0.940000 ,0.000000 ,0.000000 ,0.010000 ,0.096200 ,0.099300 ,0.032900 ,0.368900 ,0.054600 ,0.053100 ,0.188600 ,0.036300 
219.000000 ,78.000000 ,0.064000 ,47313.000000 ,25000.000000 ,360000.000000 ,0.950000 ,0.020000 ,0.000000 ,0.000000 ,0.159800 ,0.105000 ,0.004600 ,0.219200 ,0.109600 ,0.059400 ,0.159800 ,0.032000 
2643.000000 ,240.000000 ,0.165000 ,20061.000000 ,26495.000000 ,109000.000000 ,0.780000 ,0.000000 ,0.000000 ,0.000000 ,0.022300 ,0.010600 ,0.003000 ,0.163800 ,0.003400 ,0.023500 ,0.067300 ,0.005700 
2503.000000 ,3846.000000 ,0.154000 ,29608.000000 ,32495.000000 ,182750.000000 ,0.670000 ,0.120000 ,0.070000 ,0.060000 ,0.112700 ,0.069900 ,0.013600 ,0.576100 ,0.024400 ,0.036800 ,0.107900 ,0.007600 
85.000000 ,49.000000 ,0.067000 ,31074.000000 ,27701.000000 ,218000.000000 ,0.930000 ,0.000000 ,0.010000 ,0.000000 ,0.129400 ,0.105900 ,0.070600 ,0.341200 ,0.058800 ,0.011800 ,0.129400 ,0.058800 
719.000000 ,2501.000000 ,0.110000 ,61209.000000 ,36132.000000 ,294500.000000 ,0.660000 ,0.080000 ,0.080000 ,0.040000 ,0.146000 ,0.107100 ,0.001400 ,0.440900 ,0.032000 ,0.070900 ,0.098700 ,0.019500 
2287.000000 ,4493.000000 ,0.136000 ,29254.000000 ,34387.000000 ,385000.000000 ,0.300000 ,0.400000 ,0.070000 ,0.110000 ,0.118900 ,0.136400 ,0.026700 ,0.280300 ,0.056000 ,0.036300 ,0.116700 ,0.010100 
840.000000 ,732.000000 ,0.085000 ,33048.000000 ,30666.000000 ,385000.000000 ,0.640000 ,0.030000 ,0.030000 ,0.030000 ,0.123800 ,0.089300 ,0.025000 ,0.296400 ,0.017900 ,0.089300 ,0.069000 ,0.013100 
711.000000 ,544.000000 ,0.153000 ,27583.000000 ,27963.000000 ,135000.000000 ,0.940000 ,0.010000 ,0.000000 ,0.010000 ,0.118100 ,0.060500 ,0.022500 ,0.461300 ,0.021100 ,0.057700 ,0.203900 ,0.014100 
2195.000000 ,3291.000000 ,0.158000 ,32387.000000 ,40722.000000 ,165000.000000 ,0.670000 ,0.080000 ,0.100000 ,0.050000 ,0.113000 ,0.083800 ,0.009100 ,0.475600 ,0.021900 ,0.133900 ,0.130300 ,0.009600 
241.000000 ,91.000000 ,0.068000 ,26069.000000 ,26008.000000 ,253750.000000 ,0.970000 ,0.000000 ,0.010000 ,0.010000 ,0.215800 ,0.132800 ,0.000000 ,0.236500 ,0.020700 ,0.074700 ,0.178400 ,0.074700 
1662.000000 ,551.000000 ,0.166000 ,22352.000000 ,27670.000000 ,134500.000000 ,0.940000 ,0.020000 ,0.010000 ,0.010000 ,0.070400 ,0.060200 ,0.007200 ,0.405500 ,0.093300 ,0.105900 ,0.175700 ,0.015000 
1351.000000 ,152.000000 ,0.088000 ,24140.000000 ,29989.000000 ,290000.000000 ,0.940000 ,0.010000 ,0.010000 ,0.010000 ,0.120700 ,0.106600 ,0.020000 ,0.215400 ,0.055500 ,0.075500 ,0.219800 ,0.034000 
461.000000 ,376.000000 ,0.134000 ,25139.000000 ,35574.000000 ,245000.000000 ,0.940000 ,0.010000 ,0.010000 ,0.010000 ,0.095400 ,0.086800 ,0.021700 ,0.331900 ,0.049900 ,0.095400 ,0.195200 ,0.036900 
1671.000000 ,3291.000000 ,0.156000 ,19781.000000 ,28909.000000 ,176000.000000 ,0.790000 ,0.050000 ,0.050000 ,0.030000 ,0.135200 ,0.065800 ,0.009600 ,0.611600 ,0.015600 ,0.016800 ,0.083800 ,0.018000 
2439.000000 ,6128.000000 ,0.140000 ,31500.000000 ,32741.000000 ,485000.000000 ,0.290000 ,0.300000 ,0.200000 ,0.090000 ,0.117700 ,0.120100 ,0.016400 ,0.476800 ,0.062700 ,0.036900 ,0.067200 ,0.019300 
573.000000 ,182.000000 ,0.081000 ,22480.000000 ,27866.000000 ,283000.000000 ,0.980000 ,0.000000 ,0.010000 ,0.010000 ,0.169300 ,0.150100 ,0.041900 ,0.240800 ,0.017500 ,0.066300 ,0.209400 ,0.059300 
288.000000 ,241.000000 ,0.060000 ,26140.000000 ,29405.000000 ,350000.000000 ,0.930000 ,0.020000 ,0.010000 ,0.020000 ,0.194400 ,0.121500 ,0.003500 ,0.340300 ,0.034700 ,0.104200 ,0.107600 ,0.038200 
461.000000 ,319.000000 ,0.060000 ,32199.000000 ,32275.000000 ,400000.000000 ,0.890000 ,0.050000 ,0.000000 ,0.010000 ,0.177900 ,0.132300 ,0.013000 ,0.223400 ,0.078100 ,0.110600 ,0.160500 ,0.026000 
407.000000 ,143.000000 ,0.096000 ,24671.000000 ,29436.000000 ,177000.000000 ,0.970000 ,0.000000 ,0.000000 ,0.000000 ,0.108100 ,0.103200 ,0.022100 ,0.336600 ,0.017200 ,0.100700 ,0.167100 ,0.068800 
271.000000 ,312.000000 ,0.103000 ,34264.000000 ,28804.000000 ,178000.000000 ,0.860000 ,0.020000 ,0.060000 ,0.050000 ,0.147600 ,0.070100 ,0.022100 ,0.343200 ,0.033200 ,0.081200 ,0.206600 ,0.033200 
1120.000000 ,199.000000 ,0.112000 ,25027.000000 ,29198.000000 ,238330.000000 ,0.940000 ,0.000000 ,0.000000 ,0.000000 ,0.126800 ,0.069600 ,0.014300 ,0.227700 ,0.059800 ,0.151800 ,0.182100 ,0.042900 
277.000000 ,1701.000000 ,0.066000 ,37549.000000 ,31374.000000 ,285000.000000 ,0.790000 ,0.010000 ,0.020000 ,0.010000 ,0.122700 ,0.090300 ,0.007200 ,0.223800 ,0.072200 ,0.202200 ,0.176900 ,0.043300 
121.000000 ,25.000000 ,0.070000 ,31774.000000 ,27221.000000 ,185000.000000 ,0.960000 ,0.000000 ,0.010000 ,0.020000 ,0.165300 ,0.115700 ,0.000000 ,0.289300 ,0.090900 ,0.033100 ,0.181800 ,0.024800 
310.000000 ,1444.000000 ,0.057000 ,50527.000000 ,36638.000000 ,600000.000000 ,0.810000 ,0.040000 ,0.050000 ,0.040000 ,0.161300 ,0.138700 ,0.016100 ,0.341900 ,0.025800 ,0.071000 ,0.096800 ,0.035500 
1905.000000 ,4127.000000 ,0.171000 ,28225.000000 ,30338.000000 ,415000.000000 ,0.380000 ,0.350000 ,0.060000 ,0.070000 ,0.121800 ,0.145900 ,0.023100 ,0.350700 ,0.043600 ,0.066100 ,0.071900 ,0.015200 
381.000000 ,390.000000 ,0.091000 ,35349.000000 ,32465.000000 ,464500.000000 ,0.810000 ,0.070000 ,0.030000 ,0.030000 ,0.099700 ,0.120700 ,0.005200 ,0.317600 ,0.057700 ,0.126000 ,0.173200 ,0.031500 
222.000000 ,2377.000000 ,0.056000 ,25438.000000 ,27905.000000 ,485000.000000 ,0.810000 ,0.030000 ,0.060000 ,0.030000 ,0.139600 ,0.090100 ,0.009000 ,0.414400 ,0.022500 ,0.130600 ,0.103600 ,0.009000 
293.000000 ,1052.000000 ,0.120000 ,18653.000000 ,27326.000000 ,166875.000000 ,0.950000 ,0.010000 ,0.010000 ,0.010000 ,0.075100 ,0.058000 ,0.013700 ,0.453900 ,0.034100 ,0.133100 ,0.170600 ,0.010200 
1148.000000 ,2835.000000 ,0.095000 ,47259.000000 ,29934.000000 ,250000.000000 ,0.840000 ,0.010000 ,0.010000 ,0.010000 ,0.117600 ,0.087100 ,0.016600 ,0.211700 ,0.059200 ,0.047900 ,0.333600 ,0.023500 
357.000000 ,1567.000000 ,0.056000 ,30099.000000 ,28734.000000 ,295000.000000 ,0.920000 ,0.010000 ,0.010000 ,0.010000 ,0.154100 ,0.098000 ,0.008400 ,0.308100 ,0.053200 ,0.075600 ,0.170900 ,0.042000 
429.000000 ,187.000000 ,0.140000 ,21351.000000 ,26574.000000 ,190000.000000 ,0.950000 ,0.000000 ,0.020000 ,0.010000 ,0.130500 ,0.083900 ,0.011700 ,0.312400 ,0.058300 ,0.083900 ,0.209800 ,0.044300 
401.000000 ,317.000000 ,0.145000 ,23178.000000 ,24467.000000 ,260000.000000 ,0.940000 ,0.010000 ,0.010000 ,0.000000 ,0.057400 ,0.092300 ,0.007500 ,0.516200 ,0.037400 ,0.069800 ,0.139700 ,0.054900 
328.000000 ,166.000000 ,0.107000 ,24578.000000 ,25505.000000 ,225000.000000 ,0.970000 ,0.010000 ,0.000000 ,0.010000 ,0.170700 ,0.106700 ,0.030500 ,0.414600 ,0.036600 ,0.039600 ,0.115900 ,0.027400 
163.000000 ,490.000000 ,0.096000 ,38276.000000 ,35166.000000 ,195000.000000 ,0.930000 ,0.020000 ,0.020000 ,0.020000 ,0.159500 ,0.073600 ,0.018400 ,0.233100 ,0.042900 ,0.055200 ,0.355800 ,0.049100 
1706.000000 ,1419.000000 ,0.167000 ,25035.000000 ,25895.000000 ,135000.000000 ,0.900000 ,0.010000 ,0.030000 ,0.010000 ,0.114900 ,0.066200 ,0.004700 ,0.569800 ,0.002900 ,0.030500 ,0.140700 ,0.022900 
244.000000 ,985.000000 ,0.102000 ,16392.000000 ,29272.000000 ,190000.000000 ,0.750000 ,0.020000 ,0.020000 ,0.040000 ,0.123000 ,0.106600 ,0.008200 ,0.303300 ,0.016400 ,0.098400 ,0.131100 ,0.024600 
1223.000000 ,3199.000000 ,0.126000 ,28397.000000 ,29321.000000 ,206500.000000 ,0.790000 ,0.070000 ,0.020000 ,0.050000 ,0.111200 ,0.099800 ,0.020400 ,0.251800 ,0.101400 ,0.058100 ,0.237100 ,0.014700 
418.000000 ,3337.000000 ,0.107000 ,15537.000000 ,31639.000000 ,210000.000000 ,0.940000 ,0.020000 ,0.010000 ,0.010000 ,0.114800 ,0.102900 ,0.009600 ,0.325400 ,0.067000 ,0.105300 ,0.181800 ,0.033500 
621.000000 ,1080.000000 ,0.122000 ,20264.000000 ,35105.000000 ,295000.000000 ,0.780000 ,0.100000 ,0.050000 ,0.030000 ,0.165900 ,0.125600 ,0.016100 ,0.392900 ,0.067600 ,0.077300 ,0.107900 ,0.014500 
703.000000 ,569.000000 ,0.184000 ,21155.000000 ,29351.000000 ,177000.000000 ,0.950000 ,0.010000 ,0.010000 ,0.010000 ,0.098200 ,0.069700 ,0.004300 ,0.455200 ,0.018500 ,0.065400 ,0.163600 ,0.037000 
1546.000000 ,6109.000000 ,0.159000 ,23969.000000 ,34561.000000 ,407000.000000 ,0.360000 ,0.280000 ,0.040000 ,0.040000 ,0.107400 ,0.131300 ,0.025200 ,0.289100 ,0.036900 ,0.234200 ,0.115100 ,0.017500 
378.000000 ,555.000000 ,0.057000 ,39600.000000 ,36862.000000 ,445000.000000 ,0.720000 ,0.030000 ,0.030000 ,0.010000 ,0.119000 ,0.137600 ,0.023800 ,0.309500 ,0.026500 ,0.174600 ,0.153400 ,0.034400 
2154.000000 ,14752.000000 ,0.196000 ,34505.000000 ,36612.000000 ,550000.000000 ,0.240000 ,0.480000 ,0.080000 ,0.090000 ,0.120200 ,0.112800 ,0.021800 ,0.384400 ,0.076600 ,0.052000 ,0.121600 ,0.014900 
1063.000000 ,11189.000000 ,0.142000 ,67238.000000 ,41988.000000 ,715000.000000 ,0.340000 ,0.360000 ,0.080000 ,0.070000 ,0.103500 ,0.113800 ,0.020700 ,0.458100 ,0.053600 ,0.095000 ,0.100700 ,0.011300 
205.000000 ,161.000000 ,0.056000 ,26802.000000 ,29997.000000 ,265000.000000 ,0.860000 ,0.020000 ,0.010000 ,0.030000 ,0.180500 ,0.122000 ,0.009800 ,0.268300 ,0.082900 ,0.063400 ,0.151200 ,0.024400 
2383.000000 ,8997.000000 ,0.170000 ,19256.000000 ,33706.000000 ,535000.000000 ,0.230000 ,0.320000 ,0.040000 ,0.050000 ,0.108700 ,0.117900 ,0.021400 ,0.337400 ,0.046600 ,0.036500 ,0.096900 ,0.016800 
288.000000 ,2858.000000 ,0.134000 ,29451.000000 ,31351.000000 ,280000.000000 ,0.810000 ,0.080000 ,0.030000 ,0.040000 ,0.100700 ,0.069400 ,0.017400 ,0.399300 ,0.024300 ,0.076400 ,0.055600 ,0.017400 
646.000000 ,5000.000000 ,0.109000 ,25618.000000 ,30220.000000 ,494475.000000 ,0.290000 ,0.270000 ,0.280000 ,0.050000 ,0.091300 ,0.137800 ,0.012400 ,0.267800 ,0.085100 ,0.086700 ,0.171800 ,0.032500 
99.000000 ,453.000000 ,0.042000 ,37190.000000 ,38716.000000 ,407500.000000 ,0.570000 ,0.050000 ,0.010000 ,0.010000 ,0.202000 ,0.171700 ,0.010100 ,0.343400 ,0.030300 ,0.050500 ,0.181800 ,0.010100 
929.000000 ,3106.000000 ,0.202000 ,20487.000000 ,24705.000000 ,230000.000000 ,0.760000 ,0.020000 ,0.010000 ,0.030000 ,0.077500 ,0.101200 ,0.011800 ,0.388600 ,0.018300 ,0.058100 ,0.195900 ,0.031200 
436.000000 ,2267.000000 ,0.126000 ,25274.000000 ,28640.000000 ,280000.000000 ,0.850000 ,0.000000 ,0.010000 ,0.000000 ,0.117000 ,0.128400 ,0.006900 ,0.197200 ,0.027500 ,0.240800 ,0.153700 ,0.045900 
1732.000000 ,2320.000000 ,0.108000 ,26668.000000 ,33836.000000 ,377775.000000 ,0.720000 ,0.150000 ,0.070000 ,0.030000 ,0.105700 ,0.093000 ,0.012100 ,0.580800 ,0.050200 ,0.074500 ,0.059500 ,0.016700 
1120.000000 ,89.000000 ,0.098000 ,24297.000000 ,27085.000000 ,240000.000000 ,0.870000 ,0.000000 ,0.000000 ,0.000000 ,0.173200 ,0.118800 ,0.006300 ,0.406300 ,0.028600 ,0.032100 ,0.082100 ,0.033000 
275.000000 ,1043.000000 ,0.089000 ,45519.000000 ,31927.000000 ,470000.000000 ,0.730000 ,0.120000 ,0.050000 ,0.040000 ,0.156400 ,0.101800 ,0.014500 ,0.458200 ,0.040000 ,0.029100 ,0.134500 ,0.014500 
447.000000 ,172.000000 ,0.097000 ,19347.000000 ,26897.000000 ,190000.000000 ,0.980000 ,0.000000 ,0.010000 ,0.010000 ,0.145400 ,0.098400 ,0.022400 ,0.264000 ,0.055900 ,0.062600 ,0.208100 ,0.035800 
1727.000000 ,2671.000000 ,0.114000 ,55787.000000 ,38183.000000 ,436750.000000 ,0.470000 ,0.200000 ,0.170000 ,0.060000 ,0.121000 ,0.101900 ,0.026600 ,0.436000 ,0.064300 ,0.044000 ,0.063100 ,0.014500 
380.000000 ,382.000000 ,0.082000 ,24423.000000 ,29063.000000 ,205000.000000 ,0.860000 ,0.010000 ,0.010000 ,0.020000 ,0.168400 ,0.094700 ,0.002600 ,0.547400 ,0.013200 ,0.023700 ,0.105300 ,0.015800 
342.000000 ,274.000000 ,0.056000 ,27857.000000 ,31891.000000 ,381750.000000 ,0.890000 ,0.020000 ,0.020000 ,0.020000 ,0.233900 ,0.152000 ,0.008800 ,0.295300 ,0.032200 ,0.055600 ,0.134500 ,0.043900 
928.000000 ,198.000000 ,0.074000 ,30649.000000 ,30512.000000 ,261500.000000 ,0.870000 ,0.020000 ,0.010000 ,0.020000 ,0.160600 ,0.121800 ,0.007500 ,0.245700 ,0.043100 ,0.091600 ,0.161600 ,0.032300 
190.000000 ,1111.000000 ,0.182000 ,20959.000000 ,30040.000000 ,105000.000000 ,0.910000 ,0.000000 ,0.040000 ,0.030000 ,0.078900 ,0.063200 ,0.015800 ,0.421100 ,0.031600 ,0.063200 ,0.200000 ,0.036800 
1827.000000 ,3442.000000 ,0.141000 ,34607.000000 ,27707.000000 ,200000.000000 ,0.370000 ,0.020000 ,0.010000 ,0.020000 ,0.116000 ,0.108400 ,0.015300 ,0.516700 ,0.065700 ,0.038300 ,0.096900 ,0.018600 
700.000000 ,375.000000 ,0.138000 ,22468.000000 ,27335.000000 ,220000.000000 ,0.890000 ,0.000000 ,0.000000 ,0.000000 ,0.081400 ,0.084300 ,0.002900 ,0.478600 ,0.021400 ,0.054300 ,0.152900 ,0.031400 
1623.000000 ,16699.000000 ,0.179000 ,84662.000000 ,41624.000000 ,625000.000000 ,0.340000 ,0.280000 ,0.050000 ,0.070000 ,0.040000 ,0.038200 ,0.028300 ,0.111500 ,0.052400 ,0.026500 ,0.060400 ,0.008000 
1026.000000 ,12939.000000 ,0.117000 ,68972.000000 ,34715.000000 ,1250000.000000 ,0.290000 ,0.200000 ,0.050000 ,0.050000 ,0.104300 ,0.106200 ,0.014600 ,0.500000 ,0.041900 ,0.019500 ,0.093600 ,0.023400 
310.000000 ,105.000000 ,0.120000 ,23786.000000 ,28981.000000 ,224000.000000 ,0.890000 ,0.000000 ,0.000000 ,0.010000 ,0.090300 ,0.090300 ,0.003200 ,0.400000 ,0.025800 ,0.058100 ,0.171000 ,0.041900 
2530.000000 ,3620.000000 ,0.227000 ,27201.000000 ,28231.000000 ,114825.000000 ,0.900000 ,0.020000 ,0.030000 ,0.010000 ,0.094500 ,0.073900 ,0.018600 ,0.557700 ,0.024900 ,0.068400 ,0.124500 ,0.011500 
427.000000 ,4808.000000 ,0.078000 ,34270.000000 ,35279.000000 ,494000.000000 ,0.630000 ,0.060000 ,0.100000 ,0.020000 ,0.159300 ,0.128800 ,0.021100 ,0.302100 ,0.063200 ,0.051500 ,0.124100 ,0.032800 
1476.000000 ,1080.000000 ,0.143000 ,20736.000000 ,27597.000000 ,150000.000000 ,0.590000 ,0.030000 ,0.140000 ,0.040000 ,0.067100 ,0.061700 ,0.025100 ,0.434300 ,0.027100 ,0.125300 ,0.165300 ,0.019000 
1060.000000 ,1762.000000 ,0.251000 ,28125.000000 ,35746.000000 ,130000.000000 ,0.950000 ,0.010000 ,0.010000 ,0.010000 ,0.113200 ,0.090600 ,0.012300 ,0.419800 ,0.020800 ,0.091500 ,0.217000 ,0.013200 
3214.000000 ,12005.000000 ,0.153000 ,43056.000000 ,38698.000000 ,510000.000000 ,0.210000 ,0.480000 ,0.030000 ,0.100000 ,0.117900 ,0.145600 ,0.017100 ,0.451800 ,0.040400 ,0.042300 ,0.074100 ,0.018400 
6222.000000 ,1448.000000 ,0.143000 ,37937.000000 ,30382.000000 ,187000.000000 ,0.700000 ,0.090000 ,0.060000 ,0.060000 ,0.130800 ,0.094200 ,0.016600 ,0.480200 ,0.027800 ,0.058300 ,0.108300 ,0.010400 
2428.000000 ,4827.000000 ,0.196000 ,28410.000000 ,28555.000000 ,180000.000000 ,0.520000 ,0.140000 ,0.180000 ,0.050000 ,0.105000 ,0.092700 ,0.007800 ,0.469900 ,0.024300 ,0.070800 ,0.107500 ,0.007400 
3148.000000 ,8687.000000 ,0.164000 ,15837.000000 ,34886.000000 ,425000.000000 ,0.270000 ,0.450000 ,0.040000 ,0.040000 ,0.134700 ,0.129300 ,0.031400 ,0.402800 ,0.039700 ,0.053000 ,0.107100 ,0.014600 
261.000000 ,319.000000 ,0.084000 ,26133.000000 ,26956.000000 ,240000.000000 ,0.930000 ,0.010000 ,0.020000 ,0.030000 ,0.122600 ,0.095800 ,0.015300 ,0.195400 ,0.011500 ,0.157100 ,0.180100 ,0.038300 
621.000000 ,2803.000000 ,0.155000 ,31924.000000 ,28798.000000 ,157000.000000 ,0.920000 ,0.000000 ,0.000000 ,0.000000 ,0.080500 ,0.083700 ,0.022500 ,0.317200 ,0.138500 ,0.075700 ,0.159400 ,0.019300 
1239.000000 ,4475.000000 ,0.235000 ,30508.000000 ,32044.000000 ,136000.000000 ,0.540000 ,0.030000 ,0.030000 ,0.010000 ,0.058100 ,0.054100 ,0.007300 ,0.326900 ,0.014500 ,0.107300 ,0.309100 ,0.007300 
1444.000000 ,4925.000000 ,0.155000 ,33732.000000 ,33804.000000 ,252000.000000 ,0.430000 ,0.190000 ,0.230000 ,0.030000 ,0.112200 ,0.093500 ,0.027700 ,0.598300 ,0.058200 ,0.027000 ,0.047800 ,0.008300 
871.000000 ,440.000000 ,0.095000 ,29999.000000 ,31495.000000 ,300000.000000 ,0.900000 ,0.040000 ,0.020000 ,0.020000 ,0.151500 ,0.112500 ,0.005700 ,0.341000 ,0.048200 ,0.110200 ,0.127400 ,0.029900 
172.000000 ,183.000000 ,0.086000 ,20816.000000 ,27500.000000 ,315000.000000 ,0.960000 ,0.010000 ,0.010000 ,0.010000 ,0.110500 ,0.116300 ,0.005800 ,0.377900 ,0.011600 ,0.151200 ,0.110500 ,0.058100 
161.000000 ,138.000000 ,0.092000 ,25480.000000 ,22812.000000 ,262500.000000 ,0.980000 ,0.000000 ,0.010000 ,0.010000 ,0.217400 ,0.130400 ,0.006200 ,0.391300 ,0.031100 ,0.031100 ,0.124200 ,0.018600 
5772.000000 ,4805.000000 ,0.219000 ,47891.000000 ,31623.000000 ,179665.000000 ,0.550000 ,0.170000 ,0.100000 ,0.050000 ,0.125400 ,0.085100 ,0.016300 ,0.491300 ,0.044500 ,0.052500 ,0.114000 ,0.007300 
193.000000 ,1426.000000 ,0.156000 ,18904.000000 ,24887.000000 ,138000.000000 ,0.890000 ,0.020000 ,0.010000 ,0.020000 ,0.057000 ,0.072500 ,0.000000 ,0.160600 ,0.005200 ,0.139900 ,0.279800 ,0.015500 
1588.000000 ,1441.000000 ,0.134000 ,24401.000000 ,33037.000000 ,248000.000000 ,0.830000 ,0.060000 ,0.020000 ,0.020000 ,0.102000 ,0.107100 ,0.013200 ,0.457200 ,0.052900 ,0.102000 ,0.104500 ,0.019500 
606.000000 ,157.000000 ,0.099000 ,23306.000000 ,28038.000000 ,260000.000000 ,0.900000 ,0.010000 ,0.000000 ,0.010000 ,0.189800 ,0.122100 ,0.009900 ,0.242600 ,0.064400 ,0.075900 ,0.211200 ,0.047900 
551.000000 ,5487.000000 ,0.100000 ,32597.000000 ,34191.000000 ,487000.000000 ,0.350000 ,0.310000 ,0.130000 ,0.080000 ,0.148800 ,0.157900 ,0.012700 ,0.537200 ,0.021800 ,0.012700 ,0.023600 ,0.016300 
325.000000 ,91.000000 ,0.093000 ,20429.000000 ,26462.000000 ,240000.000000 ,0.970000 ,0.000000 ,0.000000 ,0.000000 ,0.193800 ,0.144600 ,0.018500 ,0.307700 ,0.021500 ,0.067700 ,0.166200 ,0.036900 
258.000000 ,120.000000 ,0.071000 ,24781.000000 ,30694.000000 ,252750.000000 ,0.770000 ,0.000000 ,0.010000 ,0.010000 ,0.143400 ,0.135700 ,0.019400 ,0.263600 ,0.034900 ,0.100800 ,0.224800 ,0.023300 
430.000000 ,455.000000 ,0.053000 ,26725.000000 ,29705.000000 ,370000.000000 ,0.710000 ,0.020000 ,0.020000 ,0.020000 ,0.141900 ,0.132600 ,0.004700 ,0.200000 ,0.044200 ,0.109300 ,0.223300 ,0.020900 
986.000000 ,2622.000000 ,0.251000 ,24697.000000 ,27005.000000 ,120000.000000 ,0.890000 ,0.030000 ,0.030000 ,0.020000 ,0.076100 ,0.031400 ,0.012200 ,0.428000 ,0.003000 ,0.042600 ,0.169400 ,0.007100 
1881.000000 ,876.000000 ,0.111000 ,57824.000000 ,33498.000000 ,270000.000000 ,0.730000 ,0.110000 ,0.060000 ,0.070000 ,0.165300 ,0.124900 ,0.006900 ,0.453000 ,0.055300 ,0.066500 ,0.079700 ,0.022300 
268.000000 ,339.000000 ,0.054000 ,53409.000000 ,35045.000000 ,525000.000000 ,0.830000 ,0.010000 ,0.030000 ,0.000000 ,0.167900 ,0.130600 ,0.007500 ,0.283600 ,0.044800 ,0.078400 ,0.212700 ,0.044800 
783.000000 ,239.000000 ,0.077000 ,29841.000000 ,33085.000000 ,334000.000000 ,0.970000 ,0.000000 ,0.000000 ,0.000000 ,0.150700 ,0.122600 ,0.005100 ,0.424000 ,0.044700 ,0.051100 ,0.113700 ,0.042100 
389.000000 ,614.000000 ,0.108000 ,20425.000000 ,25697.000000 ,154000.000000 ,0.870000 ,0.030000 ,0.030000 ,0.010000 ,0.102800 ,0.072000 ,0.028300 ,0.221100 ,0.074600 ,0.136200 ,0.254500 ,0.030800 
1537.000000 ,2704.000000 ,0.178000 ,34577.000000 ,29886.000000 ,160000.000000 ,0.810000 ,0.060000 ,0.060000 ,0.010000 ,0.098200 ,0.083300 ,0.006500 ,0.595300 ,0.018900 ,0.028600 ,0.116500 ,0.006500 
1017.000000 ,90.000000 ,0.110000 ,26765.000000 ,25430.000000 ,242500.000000 ,0.940000 ,0.000000 ,0.000000 ,0.010000 ,0.120000 ,0.143600 ,0.024600 ,0.206500 ,0.060000 ,0.062900 ,0.228100 ,0.036400 
235.000000 ,371.000000 ,0.112000 ,17940.000000 ,26637.000000 ,188000.000000 ,0.940000 ,0.000000 ,0.010000 ,0.020000 ,0.161700 ,0.102100 ,0.008500 ,0.293600 ,0.029800 ,0.072300 ,0.208500 ,0.046800 
1275.000000 ,827.000000 ,0.190000 ,23815.000000 ,26237.000000 ,133000.000000 ,0.970000 ,0.000000 ,0.000000 ,0.000000 ,0.076900 ,0.047800 ,0.007100 ,0.392900 ,0.084700 ,0.116100 ,0.189800 ,0.021200 
614.000000 ,356.000000 ,0.079000 ,31739.000000 ,32926.000000 ,352000.000000 ,0.780000 ,0.070000 ,0.050000 ,0.040000 ,0.159600 ,0.109100 ,0.016300 ,0.316000 ,0.060300 ,0.070000 ,0.131900 ,0.022800 
415.000000 ,128.000000 ,0.081000 ,24248.000000 ,29104.000000 ,196250.000000 ,0.820000 ,0.000000 ,0.010000 ,0.000000 ,0.147000 ,0.094000 ,0.014500 ,0.180700 ,0.014500 ,0.130100 ,0.277100 ,0.060200 
279.000000 ,109.000000 ,0.106000 ,18671.000000 ,28678.000000 ,259450.000000 ,0.970000 ,0.000000 ,0.000000 ,0.010000 ,0.096800 ,0.089600 ,0.000000 ,0.218600 ,0.057300 ,0.121900 ,0.290300 ,0.078900 
897.000000 ,577.000000 ,0.101000 ,24937.000000 ,28080.000000 ,263000.000000 ,0.960000 ,0.010000 ,0.010000 ,0.010000 ,0.105900 ,0.136000 ,0.021200 ,0.342300 ,0.033400 ,0.100300 ,0.226300 ,0.017800 
748.000000 ,2537.000000 ,0.144000 ,25336.000000 ,27326.000000 ,160000.000000 ,0.930000 ,0.010000 ,0.020000 ,0.010000 ,0.101600 ,0.081600 ,0.005300 ,0.493300 ,0.036100 ,0.041400 ,0.187200 ,0.025400 
139.000000 ,230.000000 ,0.097000 ,51844.000000 ,29235.000000 ,201000.000000 ,0.160000 ,0.000000 ,0.000000 ,0.000000 ,0.172700 ,0.151100 ,0.007200 ,0.474800 ,0.000000 ,0.071900 ,0.079100 ,0.021600 
288.000000 ,375.000000 ,0.090000 ,41153.000000 ,28971.000000 ,202750.000000 ,0.970000 ,0.010000 ,0.010000 ,0.020000 ,0.156300 ,0.097200 ,0.006900 ,0.381900 ,0.013900 ,0.097200 ,0.173600 ,0.034700 
665.000000 ,65.000000 ,0.126000 ,19464.000000 ,27292.000000 ,153000.000000 ,0.990000 ,0.000000 ,0.000000 ,0.000000 ,0.154900 ,0.085700 ,0.009000 ,0.332300 ,0.027100 ,0.084200 ,0.249600 ,0.028600 
708.000000 ,3644.000000 ,0.163000 ,33019.000000 ,28500.000000 ,199250.000000 ,0.740000 ,0.060000 ,0.010000 ,0.010000 ,0.142700 ,0.091800 ,0.009900 ,0.408200 ,0.046600 ,0.035300 ,0.200600 ,0.016900 
2768.000000 ,4518.000000 ,0.199000 ,35010.000000 ,28372.000000 ,145000.000000 ,0.580000 ,0.110000 ,0.060000 ,0.080000 ,0.108700 ,0.088200 ,0.015200 ,0.538300 ,0.023800 ,0.035000 ,0.080200 ,0.004000 
908.000000 ,1651.000000 ,0.136000 ,20495.000000 ,25037.000000 ,175500.000000 ,0.910000 ,0.010000 ,0.010000 ,0.010000 ,0.112300 ,0.117800 ,0.019800 ,0.270900 ,0.105700 ,0.118900 ,0.199300 ,0.027500 
152.000000 ,2436.000000 ,0.086000 ,17440.000000 ,24751.000000 ,220000.000000 ,0.720000 ,0.030000 ,0.120000 ,0.010000 ,0.171100 ,0.125000 ,0.006600 ,0.296100 ,0.059200 ,0.118400 ,0.138200 ,0.026300 
1359.000000 ,1669.000000 ,0.193000 ,20380.000000 ,27396.000000 ,137000.000000 ,0.690000 ,0.050000 ,0.160000 ,0.030000 ,0.109600 ,0.069200 ,0.021300 ,0.469500 ,0.049300 ,0.090500 ,0.131700 ,0.013200 
556.000000 ,3324.000000 ,0.093000 ,48030.000000 ,35037.000000 ,400000.000000 ,0.560000 ,0.100000 ,0.090000 ,0.060000 ,0.140300 ,0.080900 ,0.005400 ,0.435300 ,0.050400 ,0.059400 ,0.138500 ,0.016200 
213.000000 ,544.000000 ,0.168000 ,23415.000000 ,23458.000000 ,109000.000000 ,0.840000 ,0.000000 ,0.080000 ,0.020000 ,0.046900 ,0.042300 ,0.009400 ,0.267600 ,0.018800 ,0.065700 ,0.309900 ,0.028200 
1005.000000 ,590.000000 ,0.156000 ,36513.000000 ,29940.000000 ,191000.000000 ,0.800000 ,0.060000 ,0.060000 ,0.050000 ,0.093500 ,0.085600 ,0.016900 ,0.461700 ,0.076600 ,0.068700 ,0.173100 ,0.008000 
1990.000000 ,3292.000000 ,0.148000 ,25236.000000 ,29189.000000 ,180000.000000 ,0.920000 ,0.020000 ,0.010000 ,0.020000 ,0.089900 ,0.065300 ,0.017600 ,0.377900 ,0.012100 ,0.050800 ,0.250300 ,0.017100 
1986.000000 ,5315.000000 ,0.134000 ,31681.000000 ,31392.000000 ,220000.000000 ,0.850000 ,0.040000 ,0.030000 ,0.010000 ,0.119300 ,0.092600 ,0.013100 ,0.386200 ,0.019600 ,0.073000 ,0.149500 ,0.016600 
945.000000 ,3969.000000 ,0.114000 ,58501.000000 ,33908.000000 ,300000.000000 ,0.630000 ,0.120000 ,0.080000 ,0.060000 ,0.118500 ,0.101600 ,0.009500 ,0.254000 ,0.154500 ,0.185200 ,0.085700 ,0.010600 
522.000000 ,560.000000 ,0.186000 ,16306.000000 ,25945.000000 ,127425.000000 ,0.980000 ,0.000000 ,0.010000 ,0.010000 ,0.101500 ,0.120700 ,0.015300 ,0.327600 ,0.005700 ,0.093900 ,0.291200 ,0.024900 
357.000000 ,1577.000000 ,0.124000 ,29423.000000 ,26734.000000 ,208500.000000 ,0.870000 ,0.010000 ,0.030000 ,0.030000 ,0.212900 ,0.128900 ,0.030800 ,0.400600 ,0.050400 ,0.025200 ,0.092400 ,0.019600 
489.000000 ,1156.000000 ,0.067000 ,42951.000000 ,34660.000000 ,417000.000000 ,0.840000 ,0.060000 ,0.030000 ,0.020000 ,0.126800 ,0.114500 ,0.006100 ,0.327200 ,0.045000 ,0.120700 ,0.161600 ,0.026600 
57.000000 ,106.000000 ,0.057000 ,31574.000000 ,38326.000000 ,215000.000000 ,0.960000 ,0.000000 ,0.020000 ,0.000000 ,0.175400 ,0.070200 ,0.017500 ,0.298200 ,0.017500 ,0.105300 ,0.070200 ,0.140400 
287.000000 ,3452.000000 ,0.064000 ,43611.000000 ,36177.000000 ,665000.000000 ,0.560000 ,0.090000 ,0.090000 ,0.060000 ,0.118500 ,0.122000 ,0.017400 ,0.358900 ,0.059200 ,0.045300 ,0.177700 ,0.031400 
101.000000 ,41.000000 ,0.059000 ,20276.000000 ,25548.000000 ,200000.000000 ,0.950000 ,0.000000 ,0.020000 ,0.020000 ,0.198000 ,0.099000 ,0.029700 ,0.316800 ,0.029700 ,0.118800 ,0.128700 ,0.049500 
1449.000000 ,1414.000000 ,0.201000 ,20093.000000 ,25993.000000 ,140000.000000 ,0.800000 ,0.040000 ,0.110000 ,0.020000 ,0.115300 ,0.057300 ,0.011700 ,0.458900 ,0.071100 ,0.035900 ,0.213300 ,0.015200 
208.000000 ,524.000000 ,0.073000 ,17861.000000 ,28745.000000 ,330000.000000 ,0.970000 ,0.010000 ,0.000000 ,0.000000 ,0.096200 ,0.149000 ,0.024000 ,0.346200 ,0.019200 ,0.115400 ,0.139400 ,0.067300 
362.000000 ,517.000000 ,0.145000 ,17516.000000 ,26156.000000 ,140000.000000 ,0.920000 ,0.000000 ,0.040000 ,0.010000 ,0.116000 ,0.077300 ,0.013800 ,0.284500 ,0.041400 ,0.060800 ,0.232000 ,0.030400 
1537.000000 ,925.000000 ,0.168000 ,21832.000000 ,27903.000000 ,140000.000000 ,0.910000 ,0.020000 ,0.040000 ,0.010000 ,0.148300 ,0.073500 ,0.022100 ,0.413100 ,0.049400 ,0.070300 ,0.189300 ,0.020200 
311.000000 ,315.000000 ,0.087000 ,31283.000000 ,34280.000000 ,225000.000000 ,0.860000 ,0.070000 ,0.000000 ,0.050000 ,0.157600 ,0.112500 ,0.003200 ,0.434100 ,0.032200 ,0.096500 ,0.122200 ,0.019300 
224.000000 ,1157.000000 ,0.066000 ,75317.000000 ,42077.000000 ,417500.000000 ,0.830000 ,0.030000 ,0.080000 ,0.010000 ,0.151800 ,0.062500 ,0.000000 ,0.196400 ,0.125000 ,0.209800 ,0.098200 ,0.022300 
198.000000 ,297.000000 ,0.059000 ,27729.000000 ,30153.000000 ,267000.000000 ,0.880000 ,0.040000 ,0.030000 ,0.020000 ,0.141400 ,0.136400 ,0.005100 ,0.252500 ,0.020200 ,0.146500 ,0.181800 ,0.020200 
475.000000 ,2417.000000 ,0.104000 ,56852.000000 ,36631.000000 ,300000.000000 ,0.770000 ,0.040000 ,0.010000 ,0.000000 ,0.145300 ,0.092600 ,0.004200 ,0.307400 ,0.124200 ,0.088400 ,0.202100 ,0.010500 
85.000000 ,106.000000 ,0.056000 ,22455.000000 ,30313.000000 ,308000.000000 ,0.910000 ,0.050000 ,0.000000 ,0.020000 ,0.211800 ,0.152900 ,0.000000 ,0.282400 ,0.011800 ,0.070600 ,0.129400 ,0.023500 
215.000000 ,37.000000 ,0.082000 ,28464.000000 ,24887.000000 ,222375.000000 ,0.980000 ,0.010000 ,0.000000 ,0.000000 ,0.209300 ,0.102300 ,0.041900 ,0.432600 ,0.037200 ,0.014000 ,0.088400 ,0.027900 
2576.000000 ,2703.000000 ,0.191000 ,34205.000000 ,32366.000000 ,165000.000000 ,0.660000 ,0.080000 ,0.020000 ,0.010000 ,0.166500 ,0.083100 ,0.008200 ,0.528300 ,0.012000 ,0.044600 ,0.092400 ,0.017900 
1193.000000 ,3846.000000 ,0.215000 ,23231.000000 ,27828.000000 ,155000.000000 ,0.490000 ,0.150000 ,0.150000 ,0.060000 ,0.109800 ,0.122400 ,0.025100 ,0.464400 ,0.010100 ,0.094700 ,0.086300 ,0.004200 
648.000000 ,133.000000 ,0.145000 ,22748.000000 ,26060.000000 ,163750.000000 ,0.970000 ,0.010000 ,0.000000 ,0.010000 ,0.152800 ,0.094100 ,0.023100 ,0.353400 ,0.018500 ,0.058600 ,0.246900 ,0.032400 
709.000000 ,219.000000 ,0.117000 ,25385.000000 ,25202.000000 ,220000.000000 ,0.860000 ,0.010000 ,0.000000 ,0.010000 ,0.128300 ,0.100100 ,0.007100 ,0.251100 ,0.039500 ,0.266600 ,0.101600 ,0.032400 
705.000000 ,1762.000000 ,0.162000 ,18327.000000 ,27458.000000 ,174725.000000 ,0.920000 ,0.010000 ,0.010000 ,0.020000 ,0.056700 ,0.048200 ,0.008500 ,0.472300 ,0.011300 ,0.034000 ,0.310600 ,0.018400 
227.000000 ,153.000000 ,0.079000 ,29844.000000 ,29273.000000 ,195000.000000 ,0.990000 ,0.000000 ,0.000000 ,0.000000 ,0.171800 ,0.096900 ,0.004400 ,0.370000 ,0.030800 ,0.145400 ,0.132200 ,0.026400 
392.000000 ,329.000000 ,0.075000 ,38422.000000 ,32975.000000 ,420000.000000 ,0.830000 ,0.020000 ,0.010000 ,0.030000 ,0.076500 ,0.127600 ,0.012800 ,0.244900 ,0.053600 ,0.068900 ,0.148000 ,0.028100 
2859.000000 ,1601.000000 ,0.156000 ,25315.000000 ,29016.000000 ,165000.000000 ,0.660000 ,0.090000 ,0.080000 ,0.030000 ,0.081800 ,0.072400 ,0.014700 ,0.512100 ,0.042300 ,0.036700 ,0.130100 ,0.011500 
1143.000000 ,102.000000 ,0.096000 ,22508.000000 ,28424.000000 ,218000.000000 ,0.890000 ,0.000000 ,0.010000 ,0.010000 ,0.107600 ,0.081400 ,0.018400 ,0.281700 ,0.035000 ,0.059500 ,0.226600 ,0.039400 
969.000000 ,4596.000000 ,0.126000 ,59307.000000 ,35289.000000 ,325000.000000 ,0.480000 ,0.140000 ,0.280000 ,0.050000 ,0.125900 ,0.097000 ,0.010300 ,0.487100 ,0.017500 ,0.128000 ,0.082600 ,0.007200 
886.000000 ,1220.000000 ,0.108000 ,51751.000000 ,30863.000000 ,282504.000000 ,0.810000 ,0.040000 ,0.060000 ,0.070000 ,0.146700 ,0.132100 ,0.022600 ,0.450300 ,0.016900 ,0.066600 ,0.115100 ,0.015800 
420.000000 ,178.000000 ,0.056000 ,37079.000000 ,37028.000000 ,355000.000000 ,0.760000 ,0.020000 ,0.020000 ,0.010000 ,0.226200 ,0.090500 ,0.004800 ,0.254800 ,0.016700 ,0.138100 ,0.147600 ,0.016700 
279.000000 ,324.000000 ,0.083000 ,30355.000000 ,29497.000000 ,181500.000000 ,0.960000 ,0.010000 ,0.010000 ,0.020000 ,0.129000 ,0.129000 ,0.014300 ,0.272400 ,0.021500 ,0.168500 ,0.186400 ,0.021500 
842.000000 ,579.000000 ,0.074000 ,46947.000000 ,34970.000000 ,270000.000000 ,0.730000 ,0.040000 ,0.020000 ,0.000000 ,0.149600 ,0.188800 ,0.008300 ,0.229200 ,0.032100 ,0.098600 ,0.210200 ,0.035600 
398.000000 ,99.000000 ,0.087000 ,27025.000000 ,26401.000000 ,315000.000000 ,0.960000 ,0.000000 ,0.010000 ,0.020000 ,0.115600 ,0.123100 ,0.022600 ,0.386900 ,0.002500 ,0.030200 ,0.213600 ,0.065300 
304.000000 ,128.000000 ,0.103000 ,26151.000000 ,26443.000000 ,190000.000000 ,0.990000 ,0.000000 ,0.000000 ,0.000000 ,0.164500 ,0.164500 ,0.006600 ,0.302600 ,0.023000 ,0.111800 ,0.164500 ,0.039500 
587.000000 ,152.000000 ,0.091000 ,23392.000000 ,27352.000000 ,215000.000000 ,0.950000 ,0.010000 ,0.020000 ,0.010000 ,0.156700 ,0.098800 ,0.006800 ,0.318600 ,0.042600 ,0.075000 ,0.151600 ,0.037500 
397.000000 ,68.000000 ,0.063000 ,29032.000000 ,24762.000000 ,240000.000000 ,0.740000 ,0.010000 ,0.000000 ,0.010000 ,0.118400 ,0.083100 ,0.015100 ,0.143600 ,0.115900 ,0.055400 ,0.153700 ,0.017600 
183.000000 ,158.000000 ,0.078000 ,23405.000000 ,29139.000000 ,248000.000000 ,0.670000 ,0.030000 ,0.010000 ,0.020000 ,0.109300 ,0.065600 ,0.027300 ,0.262300 ,0.016400 ,0.082000 ,0.322400 ,0.038300 
364.000000 ,212.000000 ,0.054000 ,33105.000000 ,32318.000000 ,387000.000000 ,0.920000 ,0.030000 ,0.030000 ,0.010000 ,0.302200 ,0.107100 ,0.008200 ,0.296700 ,0.049500 ,0.087900 ,0.096200 ,0.041200 
581.000000 ,982.000000 ,0.091000 ,37636.000000 ,30782.000000 ,162250.000000 ,0.960000 ,0.000000 ,0.010000 ,0.000000 ,0.165200 ,0.087800 ,0.036100 ,0.392400 ,0.012000 ,0.074000 ,0.091200 ,0.025800 
595.000000 ,176.000000 ,0.095000 ,25929.000000 ,29129.000000 ,225000.000000 ,0.880000 ,0.000000 ,0.010000 ,0.010000 ,0.189900 ,0.094100 ,0.003400 ,0.344500 ,0.010100 ,0.089100 ,0.146200 ,0.058800 
76.000000 ,276.000000 ,0.086000 ,20998.000000 ,29834.000000 ,230000.000000 ,0.990000 ,0.010000 ,0.000000 ,0.000000 ,0.144700 ,0.092100 ,0.026300 ,0.368400 ,0.000000 ,0.184200 ,0.092100 ,0.052600 
1236.000000 ,5070.000000 ,0.135000 ,34407.000000 ,32445.000000 ,220000.000000 ,0.850000 ,0.040000 ,0.040000 ,0.040000 ,0.071200 ,0.101100 ,0.002400 ,0.358400 ,0.016200 ,0.088200 ,0.241900 ,0.011300 
1235.000000 ,4386.000000 ,0.144000 ,20238.000000 ,27641.000000 ,295000.000000 ,0.910000 ,0.030000 ,0.020000 ,0.010000 ,0.091500 ,0.070400 ,0.023500 ,0.379800 ,0.165200 ,0.072100 ,0.110900 ,0.014600 
3395.000000 ,11082.000000 ,0.162000 ,70829.000000 ,43657.000000 ,510000.000000 ,0.190000 ,0.270000 ,0.040000 ,0.040000 ,0.147600 ,0.140500 ,0.015000 ,0.402400 ,0.068600 ,0.059200 ,0.088400 ,0.010000 
382.000000 ,2225.000000 ,0.079000 ,38383.000000 ,32323.000000 ,400000.000000 ,0.790000 ,0.070000 ,0.070000 ,0.020000 ,0.141400 ,0.089000 ,0.005200 ,0.340300 ,0.028800 ,0.159700 ,0.125700 ,0.036600 
272.000000 ,926.000000 ,0.060000 ,35073.000000 ,33817.000000 ,540000.000000 ,0.750000 ,0.060000 ,0.100000 ,0.050000 ,0.169100 ,0.136000 ,0.007400 ,0.466900 ,0.014700 ,0.051500 ,0.114000 ,0.014700 
736.000000 ,1328.000000 ,0.182000 ,18695.000000 ,27150.000000 ,133000.000000 ,0.970000 ,0.010000 ,0.000000 ,0.000000 ,0.131800 ,0.054300 ,0.008200 ,0.616800 ,0.009500 ,0.034000 ,0.099200 ,0.010900 
204.000000 ,230.000000 ,0.078000 ,26742.000000 ,30050.000000 ,198000.000000 ,0.920000 ,0.000000 ,0.010000 ,0.030000 ,0.137300 ,0.063700 ,0.004900 ,0.490200 ,0.058800 ,0.029400 ,0.137300 ,0.029400 
240.000000 ,171.000000 ,0.084000 ,19661.000000 ,28520.000000 ,180000.000000 ,0.970000 ,0.000000 ,0.000000 ,0.010000 ,0.154200 ,0.087500 ,0.012500 ,0.270800 ,0.045800 ,0.087500 ,0.183300 ,0.041700 
1001.000000 ,2334.000000 ,0.120000 ,26589.000000 ,29132.000000 ,232500.000000 ,0.840000 ,0.020000 ,0.050000 ,0.020000 ,0.148900 ,0.087900 ,0.022000 ,0.482500 ,0.026000 ,0.035000 ,0.141900 ,0.020000 
2199.000000 ,963.000000 ,0.164000 ,28931.000000 ,30537.000000 ,139950.000000 ,0.930000 ,0.010000 ,0.020000 ,0.010000 ,0.094100 ,0.070900 ,0.013600 ,0.691700 ,0.010900 ,0.009100 ,0.071900 ,0.015500 
1383.000000 ,2746.000000 ,0.190000 ,26788.000000 ,28147.000000 ,120000.000000 ,0.380000 ,0.010000 ,0.000000 ,0.000000 ,0.107700 ,0.049200 ,0.018800 ,0.370200 ,0.018800 ,0.065800 ,0.112800 ,0.021700 
545.000000 ,135.000000 ,0.068000 ,44151.000000 ,30798.000000 ,305000.000000 ,0.880000 ,0.010000 ,0.010000 ,0.020000 ,0.240400 ,0.124800 ,0.009200 ,0.277100 ,0.031200 ,0.073400 ,0.150500 ,0.036700 
1526.000000 ,2022.000000 ,0.192000 ,29019.000000 ,28486.000000 ,120000.000000 ,0.950000 ,0.010000 ,0.010000 ,0.000000 ,0.095700 ,0.066200 ,0.004600 ,0.602200 ,0.006600 ,0.021600 ,0.149400 ,0.018300 
146.000000 ,938.000000 ,0.054000 ,44238.000000 ,38985.000000 ,425000.000000 ,0.880000 ,0.030000 ,0.050000 ,0.000000 ,0.219200 ,0.116400 ,0.013700 ,0.321900 ,0.013700 ,0.102700 ,0.143800 ,0.006800 
804.000000 ,4737.000000 ,0.095000 ,25041.000000 ,35042.000000 ,402500.000000 ,0.660000 ,0.150000 ,0.080000 ,0.080000 ,0.145500 ,0.124400 ,0.002500 ,0.253700 ,0.103200 ,0.170400 ,0.104500 ,0.011200 
821.000000 ,404.000000 ,0.149000 ,23144.000000 ,26821.000000 ,245000.000000 ,0.930000 ,0.020000 ,0.010000 ,0.010000 ,0.126700 ,0.106000 ,0.006100 ,0.377600 ,0.052400 ,0.127900 ,0.154700 ,0.023100 
1140.000000 ,969.000000 ,0.109000 ,46868.000000 ,31680.000000 ,218000.000000 ,0.850000 ,0.050000 ,0.030000 ,0.040000 ,0.112300 ,0.086800 ,0.023700 ,0.469300 ,0.085100 ,0.012300 ,0.109600 ,0.014900 
1130.000000 ,2202.000000 ,0.175000 ,18738.000000 ,24148.000000 ,150000.000000 ,0.840000 ,0.040000 ,0.060000 ,0.010000 ,0.116800 ,0.049600 ,0.008000 ,0.516800 ,0.024800 ,0.058400 ,0.171700 ,0.027400 
320.000000 ,2491.000000 ,0.126000 ,25309.000000 ,24855.000000 ,195125.000000 ,0.950000 ,0.010000 ,0.000000 ,0.030000 ,0.168800 ,0.125000 ,0.018800 ,0.409400 ,0.040600 ,0.068800 ,0.137500 ,0.015600 
244.000000 ,357.000000 ,0.063000 ,26458.000000 ,31558.000000 ,442250.000000 ,0.750000 ,0.040000 ,0.020000 ,0.030000 ,0.151600 ,0.114800 ,0.012300 ,0.311500 ,0.032800 ,0.180300 ,0.131100 ,0.012300 
826.000000 ,200.000000 ,0.101000 ,22044.000000 ,24512.000000 ,250000.000000 ,0.000000 ,0.000000 ,0.000000 ,0.000000 ,0.107700 ,0.104100 ,0.031500 ,0.222800 ,0.058100 ,0.071400 ,0.284500 ,0.095600 
898.000000 ,625.000000 ,0.156000 ,29046.000000 ,30244.000000 ,165000.000000 ,0.840000 ,0.020000 ,0.030000 ,0.020000 ,0.065700 ,0.059000 ,0.013400 ,0.540100 ,0.021200 ,0.085700 ,0.095800 ,0.020000 
708.000000 ,438.000000 ,0.173000 ,16549.000000 ,28222.000000 ,225000.000000 ,0.930000 ,0.010000 ,0.000000 ,0.020000 ,0.081900 ,0.122900 ,0.015500 ,0.288100 ,0.042400 ,0.115800 ,0.254200 ,0.056500 
478.000000 ,203.000000 ,0.066000 ,31497.000000 ,31753.000000 ,310000.000000 ,0.950000 ,0.030000 ,0.010000 ,0.010000 ,0.182000 ,0.150600 ,0.008400 ,0.267800 ,0.083700 ,0.150600 ,0.133900 ,0.014600 
303.000000 ,233.000000 ,0.077000 ,37068.000000 ,33426.000000 ,255000.000000 ,0.960000 ,0.000000 ,0.010000 ,0.010000 ,0.217800 ,0.125400 ,0.006600 ,0.363000 ,0.069300 ,0.049500 ,0.115500 ,0.039600 
1235.000000 ,1365.000000 ,0.185000 ,18833.000000 ,24444.000000 ,245000.000000 ,0.850000 ,0.010000 ,0.000000 ,0.010000 ,0.076900 ,0.113400 ,0.004000 ,0.489100 ,0.036400 ,0.103600 ,0.106100 ,0.021900 
348.000000 ,1058.000000 ,0.071000 ,52171.000000 ,29982.000000 ,490000.000000 ,0.750000 ,0.050000 ,0.060000 ,0.030000 ,0.250000 ,0.112100 ,0.005700 ,0.399400 ,0.014400 ,0.025900 ,0.071800 ,0.037400 
713.000000 ,1071.000000 ,0.130000 ,28724.000000 ,30801.000000 ,290000.000000 ,0.720000 ,0.180000 ,0.040000 ,0.040000 ,0.159900 ,0.085600 ,0.009800 ,0.444600 ,0.028100 ,0.075700 ,0.131800 ,0.019600 
305.000000 ,552.000000 ,0.080000 ,40097.000000 ,29687.000000 ,350000.000000 ,0.910000 ,0.010000 ,0.010000 ,0.020000 ,0.141000 ,0.121300 ,0.009800 ,0.232800 ,0.039300 ,0.121300 ,0.223000 ,0.016400 
1051.000000 ,2166.000000 ,0.174000 ,17671.000000 ,28107.000000 ,200000.000000 ,0.940000 ,0.010000 ,0.010000 ,0.010000 ,0.070400 ,0.060900 ,0.010500 ,0.309200 ,0.040900 ,0.294000 ,0.163700 ,0.019000 
426.000000 ,70.000000 ,0.121000 ,17493.000000 ,24707.000000 ,225000.000000 ,0.920000 ,0.000000 ,0.000000 ,0.010000 ,0.124400 ,0.138500 ,0.023500 ,0.361500 ,0.014100 ,0.084500 ,0.178400 ,0.058700 
1938.000000 ,16791.000000 ,0.192000 ,110663.000000 ,50929.000000 ,458000.000000 ,0.180000 ,0.120000 ,0.400000 ,0.040000 ,0.122300 ,0.118200 ,0.012400 ,0.527900 ,0.032000 ,0.034600 ,0.074300 ,0.006200 
816.000000 ,2240.000000 ,0.107000 ,43106.000000 ,29845.000000 ,290000.000000 ,0.660000 ,0.040000 ,0.040000 ,0.030000 ,0.134800 ,0.078400 ,0.017200 ,0.485300 ,0.018400 ,0.053900 ,0.094400 ,0.023300 
148.000000 ,145.000000 ,0.054000 ,30187.000000 ,32533.000000 ,385000.000000 ,0.930000 ,0.020000 ,0.010000 ,0.010000 ,0.108100 ,0.121600 ,0.006800 ,0.263500 ,0.060800 ,0.189200 ,0.101400 ,0.060800 
394.000000 ,239.000000 ,0.057000 ,34758.000000 ,38604.000000 ,330500.000000 ,0.820000 ,0.050000 ,0.030000 ,0.030000 ,0.279200 ,0.106600 ,0.002500 ,0.317300 ,0.030500 ,0.050800 ,0.157400 ,0.022800 
1504.000000 ,1038.000000 ,0.147000 ,26585.000000 ,28008.000000 ,147000.000000 ,0.910000 ,0.020000 ,0.020000 ,0.020000 ,0.117000 ,0.073800 ,0.012000 ,0.340400 ,0.013300 ,0.069100 ,0.269300 ,0.018000 
824.000000 ,2758.000000 ,0.200000 ,19543.000000 ,28571.000000 ,160000.000000 ,0.720000 ,0.080000 ,0.110000 ,0.040000 ,0.066700 ,0.072800 ,0.026700 ,0.438100 ,0.054600 ,0.149300 ,0.134700 ,0.018200 
1923.000000 ,7136.000000 ,0.152000 ,19360.000000 ,34817.000000 ,465000.000000 ,0.350000 ,0.350000 ,0.150000 ,0.100000 ,0.158100 ,0.146600 ,0.020300 ,0.394200 ,0.022400 ,0.087400 ,0.097200 ,0.016100 
1796.000000 ,1159.000000 ,0.109000 ,41327.000000 ,31094.000000 ,189000.000000 ,0.930000 ,0.010000 ,0.020000 ,0.020000 ,0.177100 ,0.082400 ,0.018400 ,0.383600 ,0.036200 ,0.084600 ,0.153700 ,0.019500 
354.000000 ,512.000000 ,0.070000 ,50832.000000 ,33826.000000 ,295000.000000 ,0.860000 ,0.020000 ,0.050000 ,0.030000 ,0.081900 ,0.096000 ,0.008500 ,0.296600 ,0.090400 ,0.048000 ,0.200600 ,0.005600 
314.000000 ,4509.000000 ,0.092000 ,59794.000000 ,33662.000000 ,379000.000000 ,0.600000 ,0.110000 ,0.110000 ,0.040000 ,0.133800 ,0.086000 ,0.006400 ,0.410800 ,0.063700 ,0.054100 ,0.133800 ,0.015900 
253.000000 ,367.000000 ,0.054000 ,29662.000000 ,28802.000000 ,479950.000000 ,0.780000 ,0.040000 ,0.020000 ,0.000000 ,0.130400 ,0.122500 ,0.004000 ,0.300400 ,0.035600 ,0.114600 ,0.217400 ,0.035600 
474.000000 ,195.000000 ,0.073000 ,19984.000000 ,28093.000000 ,320000.000000 ,0.950000 ,0.010000 ,0.000000 ,0.030000 ,0.154000 ,0.126600 ,0.004200 ,0.202500 ,0.061200 ,0.103400 ,0.200400 ,0.052700 
890.000000 ,956.000000 ,0.086000 ,45930.000000 ,36936.000000 ,389250.000000 ,0.800000 ,0.080000 ,0.030000 ,0.050000 ,0.219100 ,0.096600 ,0.018000 ,0.246100 ,0.087600 ,0.060700 ,0.158400 ,0.023600 
493.000000 ,225.000000 ,0.064000 ,56409.000000 ,36068.000000 ,340000.000000 ,0.880000 ,0.020000 ,0.010000 ,0.020000 ,0.158200 ,0.115600 ,0.006100 ,0.241400 ,0.040600 ,0.217000 ,0.081100 ,0.024300 
257.000000 ,48.000000 ,0.098000 ,17631.000000 ,29244.000000 ,245000.000000 ,0.970000 ,0.010000 ,0.000000 ,0.020000 ,0.112800 ,0.116700 ,0.023300 ,0.400800 ,0.007800 ,0.031100 ,0.229600 ,0.050600 
138.000000 ,330.000000 ,0.123000 ,25890.000000 ,29757.000000 ,178000.000000 ,0.970000 ,0.010000 ,0.010000 ,0.010000 ,0.123200 ,0.036200 ,0.007200 ,0.594200 ,0.000000 ,0.173900 ,0.021700 ,0.043500 
500.000000 ,83.000000 ,0.123000 ,20257.000000 ,29295.000000 ,180000.000000 ,0.970000 ,0.010000 ,0.010000 ,0.000000 ,0.100000 ,0.094000 ,0.008000 ,0.402000 ,0.002000 ,0.088000 ,0.250000 ,0.042000 
256.000000 ,156.000000 ,0.059000 ,27698.000000 ,31905.000000 ,328000.000000 ,0.920000 ,0.010000 ,0.010000 ,0.030000 ,0.179700 ,0.078100 ,0.015600 ,0.234400 ,0.109400 ,0.035200 ,0.109400 ,0.031300 
913.000000 ,171.000000 ,0.081000 ,34953.000000 ,28604.000000 ,243500.000000 ,0.890000 ,0.010000 ,0.010000 ,0.010000 ,0.185100 ,0.131400 ,0.013100 ,0.368000 ,0.046000 ,0.055900 ,0.106200 ,0.021900 
1601.000000 ,12561.000000 ,0.135000 ,284899.000000 ,46010.000000 ,900000.000000 ,0.270000 ,0.210000 ,0.110000 ,0.060000 ,0.099900 ,0.107400 ,0.010600 ,0.350400 ,0.042500 ,0.099300 ,0.065600 ,0.018100 
2105.000000 ,1758.000000 ,0.148000 ,19020.000000 ,26189.000000 ,136200.000000 ,0.930000 ,0.020000 ,0.020000 ,0.010000 ,0.124000 ,0.086000 ,0.013800 ,0.486000 ,0.028500 ,0.029000 ,0.164400 ,0.017100 
1443.000000 ,155.000000 ,0.078000 ,26727.000000 ,29078.000000 ,265000.000000 ,0.920000 ,0.030000 ,0.010000 ,0.010000 ,0.172600 ,0.110900 ,0.017300 ,0.242600 ,0.059600 ,0.182300 ,0.124700 ,0.026300 
288.000000 ,191.000000 ,0.058000 ,48820.000000 ,34194.000000 ,420000.000000 ,0.930000 ,0.010000 ,0.020000 ,0.020000 ,0.177100 ,0.090300 ,0.003500 ,0.399300 ,0.013900 ,0.034700 ,0.208300 ,0.055600 
467.000000 ,770.000000 ,0.058000 ,54856.000000 ,34641.000000 ,498500.000000 ,0.790000 ,0.050000 ,0.100000 ,0.030000 ,0.190600 ,0.100600 ,0.008600 ,0.432500 ,0.010700 ,0.060000 ,0.122100 ,0.023600 
1127.000000 ,2015.000000 ,0.174000 ,19022.000000 ,26658.000000 ,167500.000000 ,0.910000 ,0.010000 ,0.010000 ,0.010000 ,0.098500 ,0.092300 ,0.009800 ,0.433900 ,0.019500 ,0.050600 ,0.224500 ,0.015100 
319.000000 ,972.000000 ,0.044000 ,49108.000000 ,38156.000000 ,410000.000000 ,0.800000 ,0.060000 ,0.070000 ,0.050000 ,0.134800 ,0.141100 ,0.009400 ,0.369900 ,0.125400 ,0.125400 ,0.053300 ,0.018800 
2284.000000 ,3808.000000 ,0.211000 ,22447.000000 ,28315.000000 ,157000.000000 ,0.560000 ,0.120000 ,0.070000 ,0.120000 ,0.143200 ,0.090200 ,0.018400 ,0.598100 ,0.014900 ,0.032000 ,0.071400 ,0.006100 
663.000000 ,3013.000000 ,0.117000 ,34065.000000 ,27801.000000 ,208000.000000 ,0.910000 ,0.020000 ,0.030000 ,0.020000 ,0.149300 ,0.146300 ,0.031700 ,0.295600 ,0.013600 ,0.072400 ,0.200600 ,0.030200 
470.000000 ,3405.000000 ,0.101000 ,39693.000000 ,30918.000000 ,300000.000000 ,0.900000 ,0.010000 ,0.010000 ,0.010000 ,0.093600 ,0.078700 ,0.004300 ,0.285100 ,0.025500 ,0.091500 ,0.283000 ,0.025500 
403.000000 ,198.000000 ,0.085000 ,27518.000000 ,28161.000000 ,265000.000000 ,0.960000 ,0.010000 ,0.010000 ,0.010000 ,0.223300 ,0.163800 ,0.012400 ,0.344900 ,0.002500 ,0.042200 ,0.143900 ,0.027300 
507.000000 ,401.000000 ,0.125000 ,19252.000000 ,26136.000000 ,155000.000000 ,0.970000 ,0.000000 ,0.010000 ,0.010000 ,0.084800 ,0.090700 ,0.015800 ,0.284000 ,0.063100 ,0.069000 ,0.268200 ,0.039400 
429.000000 ,518.000000 ,0.127000 ,18490.000000 ,26535.000000 ,190000.000000 ,0.940000 ,0.000000 ,0.010000 ,0.010000 ,0.139900 ,0.097900 ,0.014000 ,0.214500 ,0.028000 ,0.142200 ,0.258700 ,0.046600 
803.000000 ,776.000000 ,0.072000 ,33360.000000 ,30725.000000 ,245000.000000 ,0.930000 ,0.010000 ,0.010000 ,0.010000 ,0.209200 ,0.132000 ,0.021200 ,0.330000 ,0.037400 ,0.063500 ,0.135700 ,0.023700 